kniha;castka;nazev_subjektu;ICO;evidencni_cislo;datum_evidence;popis
08 - Odbor krizového řízení;49152236;KH SERVIS spol.s r.o.;45279748;60800460;2006-09-01;
JPD2 - individuální projekty;49152236;KH SERVIS spol.s r.o.;45279748;602100060;2006-09-01;
JPD2 - individuální projekty;48122529;KH SERVIS spol.s r.o.;45279748;602100062;2006-09-05;
40 - Odbor informatiky;31771672;KH SERVIS a.s.;45279748;104001343;2010-10-13;2298/2010/DIL - dílo dodávek a montáží integrace KS TSK do systému MKS - integrace kamer technické správy komunikace do systému MKS - MČ
08 - Odbor krizového řízení;31356717;KH SERVIS spol.s r.o.;45279748;60800721;2006-12-14;
08 - Odbor krizového řízení;28981458;KH SERVIS a.s.;45279748;110800806;2011-12-13;akce č. 40459 - sml. 4905 Městský kamerový systém - rozšíření a integrace
40 - Odbor informatiky;28647920;KH SERVIS a.s.;45279748;104001344;2010-10-13;2298/2010/DIL - dodávka a montáž integrace KS TSK do systému MKS - vytvoření bezpečnostní přístupové vrstvy systému MKS pro integraci a okolní systémy - MČ
08 - Odbor krizového řízení;23799417;KH SERVIS spol.s r.o.;45279748;80800784;2008-12-15;akce č. 7000 - Rozšíření MKS
40 - Odbor informatiky;23797680;KH SERVIS a.s.;45279748;94001789;2009-11-04;DIL/2000/2009 - MKS- rozvoj  práce s obrazem
08 - Odbor krizového řízení;23797449;KH SERVIS spol.s r.o.;45279748;80800706;2008-12-03;akce č. 7000 - Rozšíření MKS
08 - Odbor krizového řízení;23795464;KH SERVIS spol.s r.o.;45279748;70800820;2007-12-13;akce číslo 7000 - Rozšíření MKS
08 - Odbor krizového řízení;22888635;KH SERVIS spol.s r.o.;45279748;70800823;2007-12-13;akce č. 7000 - Rozšíření MKS
08 - Odbor krizového řízení;22094130;KH SERVIS a.s.;45279748;100800379;2010-07-07;vyúčtování zál. fa č. ZO-1/2009
08 - Odbor krizového řízení;22094130;KH SERVIS a.s.;45279748;90800818;2009-12-17;akce č. 40459 - rozšíření a integrace MKS
08 - Odbor krizového řízení;21919467;KH SERVIS spol.s r.o.;45279748;80800500;2008-09-11;akce č. 7000 - Rozšíření MKS
08 - Odbor krizového řízení;21919466;KH SERVIS spol.s r.o.;45279748;70800825;2007-12-13;akce č. 7000 - Rozšíření MKS
08 - Odbor krizového řízení;21519321;KH SERVIS spol.s r.o.;45279748;30801338;2003-12-16;dílčí plnění - Rozšíření MKS
08 - Odbor krizového řízení;20905944;KH SERVIS a.s.;45279748;90800267;2009-05-18;akce č. 40459 - Rozšíření a integrace Městského kamerového systému
08 - Odbor krizového řízení;19750000;KH SERVIS spol.s r.o.;45279748;20801158;2002-12-06;
08 - Odbor krizového řízení;19697721;KH SERVIS spol.s r.o.;45279748;80800824;2008-12-17;akce č. 7000 - Rozšíření MKS
08 - Odbor krizového řízení;17737480;KH SERVIS spol.s r.o.;45279748;70800824;2007-12-13;akcč . 7000 - Rozšíření MKS
08 - Odbor krizového řízení;17737480;KH SERVIS spol.s r.o.;45279748;80800405;2008-07-15;vyúčtování zál. fa č. ZO-000001/07212
08 - Odbor krizového řízení;16448896;KH SERVIS spol.s r.o.;45279748;40801276;2004-12-14;
08 - Odbor krizového řízení;16250000;KH SERVIS spol.s r.o.;45279748;20800122;2002-05-02;
08 - Odbor krizového řízení;16249991;KH SERVIS spol.s r.o.;45279748;20801028;2002-11-21;
JPD2 - individuální projekty;16054326;KH SERVIS spol.s r.o.;45279748;602100100;2006-12-15;
08 - Odbor krizového řízení;14787274;KH SERVIS spol.s r.o.;45279748;50800805;2005-09-01;
JPD2 - individuální projekty;14231182;KH SERVIS spol.s r.o.;45279748;702100008;2007-02-28;Akce číslo 1050 - Vybudování kamerového
40 - Odbor informatiky;13504655;KH SERVIS spol.s r.o.;45279748;84001874;2008-12-15;DIL/40/01/001770/2008 - klientská pracoviště realizace prostorových dat v ceněúprava a optimalizace stávajících modulů v ceně
08 - Odbor krizového řízení;12714834;KH SERVIS a.s.;45279748;110800668;2011-11-01;akce č. 40459 - sml. 4905 Městský kamerový systém - rozšíření a integrace
08 - Odbor krizového řízení;12253573;KH SERVIS spol.s r.o.;45279748;30800577;2003-08-11;
08 - Odbor krizového řízení;11797244;KH SERVIS spol.s r.o.;45279748;80800499;2008-09-11;akce č. 7000 - Rozšíření MKS
08 - Odbor krizového řízení;11573377;KH SERVIS spol.s r.o.;45279748;70800826;2007-12-13;akce č. 7000 - Rozšíření MKS
08 - Odbor krizového řízení;11480074;KH SERVIS spol.s r.o.;45279748;70800434;2007-07-18;akce č. 7000 - Rozšíření Městského
08 - Odbor krizového řízení;11305000;KH SERVIS spol.s r.o.;45279748;40801137;2004-12-02;
08 - Odbor krizového řízení;11200000;KH SERVIS spol.s r.o.;45279748;50801115;2005-12-15;
08 - Odbor krizového řízení;10470633;KH SERVIS spol.s r.o.;45279748;40801344;2004-12-22;
08 - Odbor bezpečnosti a krizového řízení;10324194;KH SERVIS a.s.;45279748;130800393;2013-07-01;nákup služeb - zajištění zabezpečení nepřetržité provozuschopnosti MKS 2.Q.2013
08 - Odbor bezpečnosti a krizového řízení;10311767;KH SERVIS a.s.;45279748;140800075;2014-01-07;zajištění služeb - nepřetržitá provozuschopnost MKS 4.Q.2013
08 - Odbor bezpečnosti a krizového řízení;10305209;KH SERVIS a.s.;45279748;130800684;2013-10-22;zajištění služeb - servis nepřetržité provozuschopnosti MKS 3.Q.2013
08 - Odbor bezpečnosti a krizového řízení;10305178;KH SERVIS a.s.;45279748;140800222;2014-04-07;zajištění provozuschopnosti MKS - I.Q 2014
08 - Odbor bezpečnosti a krizového řízení;10303727;KH SERVIS a.s.;45279748;140800617;2014-10-08;zajištění služeb - nepřetržitá provozuschopnost MKS 3.Q.2014
08 - Odbor bezpečnosti a krizového řízení;10296564;KH SERVIS a.s.;45279748;140800378;2014-07-01;zajištění služeb - nepřetržitá provozuschopnost MKS 2.Q.2014
08 - Odbor bezpečnosti a krizového řízení;9915924;KH SERVIS a.s.;45279748;120800813;2012-12-13;zajištění servisu nepřetržité provozuschopnosti MKS 1.Q.2013
08 - Odbor krizového řízení;9784932;KH SERVIS a.s.;45279748;100800595;2010-09-30;Integrace a výstavba MKS akce č. 40459
08 - Odbor krizového řízení;9565495;KH SERVIS a.s.;45279748;90800320;2009-06-17;akce č. 40459 - Rozšíření a integrace MKS
08 - Odbor bezpečnosti a krizového řízení;9335256;KH SERVIS a.s.;45279748;120800808;2012-12-13;zajištění servisu nepřetržité provozuschopnosti MKS 4.Q.2012
08 - Odbor bezpečnosti a krizového řízení;9322604;KH SERVIS a.s.;45279748;120800361;2012-06-29;nákup služeb - zajištění servisu na zákl. sml. 2554/2003 - 2.Q.2012
08 - Odbor bezpečnosti a krizového řízení;9314246;KH SERVIS a.s.;45279748;120800600;2012-10-02;nákup služeb - zajištění servisu - smlouva 2554/2003 - III.Q 2012
08 - Odbor bezpečnosti a krizového řízení;9146959;KH SERVIS a.s.;45279748;120800177;2012-04-02;nákup služeb - zabezpečení nepřetržité provozuschopnosti MKS
08 - Odbor krizového řízení;9134256;KH SERVIS spol.s r.o.;45279748;60800491;2006-09-27;
08 - Odbor krizového řízení;9133622;KH SERVIS spol.s r.o.;45279748;20801243;2002-12-12;
08 - Odbor krizového řízení;9133500;KH SERVIS spol.s r.o.;45279748;20800500;2002-07-22;
08 - Odbor krizového řízení;8977973;KH SERVIS spol.s r.o.;45279748;30800919;2003-11-11;dílčí plnění - rozšíření Městského kamerového systému
08 - Odbor krizového řízení;8873319;KH SERVIS spol.s r.o.;45279748;30801262;2003-12-10;dílčí plnění - rozšíření MKS
08 - Odbor krizového řízení;8481477;KH SERVIS spol.s r.o.;45279748;70800326;2007-06-06;akce číslo 7000 - Rozšíření Městského
08 - Odbor krizového řízení;8352212;KH SERVIS a.s.;45279748;110800852;2011-12-16;nákup služeb- zajištění servisní smlouvy - nepřetržitá provozuschopnost MKS
08 - Odbor krizového řízení;8337762;KH SERVIS a.s.;45279748;110800346;2011-07-04;zabezpečení provozuschopnosti MKS
08 - Odbor krizového řízení;8334411;KH SERVIS a.s.;45279748;110800602;2011-10-03;nákup služeb - zajištění zabezpečení nepřetržité provozuschopnosti MKS 3.Q.2011
08 - Odbor krizového řízení;8211082;KH SERVIS a.s.;45279748;110800177;2011-03-31;Nákup služeb - zajištění zabezpečení nepřetržité provozuschopnosti MKS
08 - Odbor krizového řízení;8148168;KH SERVIS spol.s r.o.;45279748;40800480;2004-06-25;
08 - Odbor krizového řízení;8099637;KH SERVIS spol.s r.o.;45279748;40800183;2004-05-03;
08 - Odbor krizového řízení;7557252;KH SERVIS a.s.;45279748;100800511;2010-08-18;akce č. 40459 - rozšíření  a integrace  MKS
08 - Odbor krizového řízení;7552692;KH SERVIS a.s.;45279748;90800521;2009-09-03;Rozšíření a integrace MKS - akce č. 40459
08 - Odbor krizového řízení;7540762;KH SERVIS a.s.;45279748;100800601;2010-10-04;Nákup služeb - zajištění zabezpečení nepřetržité provozuschopnosti. 3.Q.2010
08 - Odbor krizového řízení;7540376;KH SERVIS a.s.;45279748;100800365;2010-07-01;nákup služeb - zabezpečení provozuschopnosti MKS - 2.Q.2010
08 - Odbor krizového řízení;7536250;KH SERVIS a.s.;45279748;100800813;2010-12-09;nákup služeb - zabezpečení provozu MKS - 4.Q.2010
08 - Odbor krizového řízení;7473468;KH SERVIS a.s.;45279748;100800166;2010-04-06;zabezpečení provozu MKS v I.Q 2010
08 - Odbor krizového řízení;7435608;KH SERVIS spol.s r.o.;45279748;70800285;2007-05-16;akce č. 7000 - Rozšíření Městského
08 - Odbor bezpečnosti a krizového řízení;7184466;KH SERVIS a.s.;45279748;120800480;2012-07-30;akce č. 40459 sml. 50543 - rozšíření a integrace MKS
08 - Odbor krizového řízení;7146278;KH SERVIS a.s.;45279748;110800881;2011-12-22;akce č. 40459 sml. 5043 - rozšíření a integrace MKS
08 - Odbor krizového řízení;7027950;KH SERVIS spol.s r.o.;45279748;50800923;2005-10-18;
08 - Odbor krizového řízení;6875128;KH SERVIS a.s.;45279748;90800475;2009-08-07;akce č. 40459 - Rozšíření a integrace MKS - sml.č. DIL/8/03/004476/2009
08 - Odbor krizového řízení;6717877;KH SERVIS spol.s r.o.;45279748;50801114;2005-12-15;
08 - Odbor krizového řízení;6667981;KH SERVIS spol.s r.o.;45279748;50800713;2005-07-20;
08 - Odbor krizového řízení;6487904;KH SERVIS spol.s r.o.;45279748;80800288;2008-06-16;akce č. 7000 - Rozšíření MKS
08 - Odbor krizového řízení;6478237;KH SERVIS a.s.;45279748;90800556;2009-10-01;nákup služeb - zabezpečení nepřetržité provozuschopnosti MKS za 3. Q 2009
08 - Odbor krizového řízení;6478037;KH SERVIS a.s.;45279748;90800759;2009-12-10;nákup služeb - zabezpečení nepřetržité provozuschopnosti MKS 4.Q.2009
08 - Odbor krizového řízení;6476801;KH SERVIS a.s.;45279748;90800352;2009-07-01;nákup služeb - zabezpečení nepřetržité provozuschopnosti MKS za 2. Q 2009
40 - Odbor informatiky;6475445;KH SERVIS spol.s r.o.;45279748;84001823;2008-12-11;DIL/40/01/001770/2008 - městský kamerový systém - modernizace grafické SW nadstavby MKS ECC CCTV
08 - Odbor krizového řízení;6399648;KH SERVIS a.s.;45279748;100800885;2010-12-28;akce č. 40459 rozšíření a integrace MKS - sml. 4740
08 - Odbor krizového řízení;6399648;KH SERVIS a.s.;45279748;110800290;2011-06-01;Vyúčtování zálohové faktury Smlouva o dílo 4740/2010 - Městský kamerový systém - rozšíření
08 - Odbor krizového řízení;6330480;KH SERVIS a.s.;45279748;110800291;2011-06-01;Vyúčtování zálohové faktury - Smlouva o dílo - Městský kamerový systém - upgrade
08 - Odbor krizového řízení;6278748;KH SERVIS a.s.;45279748;100800731;2010-11-12; akce č.40459 - Rozšíření a integrace MKS - sml. 4704/2010
08 - Odbor krizového řízení;6275690;KH SERVIS a.s.;45279748;100800886;2010-12-28;akce č. 40459 rozšíření a integrace MKS - sml. 4743
08 - Odbor krizového řízení;6089747;KH SERVIS a.s.;45279748;90800195;2009-04-01;nákup služeb - zabezpečení provozuschopnosti MKS za 1.Q 2009
08 - Odbor krizového řízení;6062181;KH SERVIS spol.s r.o.;45279748;70800822;2007-12-13;akce č. 7000 - Rozšíření MKS
08 - Odbor krizového řízení;6048770;KH SERVIS spol.s r.o.;45279748;40800646;2004-09-03;
08 - Odbor krizového řízení;5957577;KH SERVIS spol.s r.o.;45279748;30800485;2003-07-09;
08 - Odbor krizového řízení;5914181;KH SERVIS spol.s r.o.;45279748;50800999;2005-11-24;
08 - Odbor krizového řízení;5890668;KH SERVIS a.s.;45279748;100800660;2010-10-18;akce č. 40459 - rozšíření a integrace MKS - sml. 4704/2010
08 - Odbor bezpečnosti a krizového řízení;5775000;KH SERVIS a.s.;45279748;120800820;2012-12-14;investiční akce č. 40459 - 36.E.- Rámcová smlouva - integrace kamer do infrastruktury MKS a součástí je Dílčí smlouva č. INO/08/03/005142/2012
08 - Odbor krizového řízení;5336674;KH SERVIS spol.s r.o.;45279748;50800730;2005-07-28;
08 - Odbor krizového řízení;5307162;KH SERVIS a.s.;45279748;90800563;2009-10-05;Rozšíření a integrace MKS - akce č. 40459
08 - Odbor krizového řízení;5250000;KH SERVIS spol.s r.o.;45279748;30800143;2003-05-14;
08 - Odbor krizového řízení;5237302;KH SERVIS spol.s r.o.;45279748;80800381;2008-07-14;nákup služeb - zajištění nepřetržité
08 - Odbor krizového řízení;5237109;KH SERVIS spol.s r.o.;45279748;80800527;2008-10-01;nákup služeb - zabezpečení nepřetržité
08 - Odbor krizového řízení;5235951;KH SERVIS spol.s r.o.;45279748;80800783;2008-12-15;nákup služeb - zabezpečení nepřetržité
08 - Odbor krizového řízení;5235090;KH SERVIS spol.s r.o.;45279748;80800167;2008-04-02;nákup služeb - zabezpečení napřetržité
08 - Odbor krizového řízení;4998000;KH SERVIS spol.s r.o.;45279748;60800611;2006-11-27;
08 - Odbor krizového řízení;4731466;KH SERVIS spol.s r.o.;45279748;70800394;2007-07-09;nákup služeb - zabezpečení nepřetržité provozuschopnosti
08 - Odbor krizového řízení;4717417;KH SERVIS spol.s r.o.;45279748;70800817;2007-12-13;nákup služeb - zajištění nepřetržité
08 - Odbor krizového řízení;4715066;KH SERVIS spol.s r.o.;45279748;70800560;2007-10-01;nákup služeb - zabezpečení nepřetržité provozuschopnosti
08 - Odbor krizového řízení;4709901;KH SERVIS spol.s r.o.;45279748;70800197;2007-04-03;nákup služen - zabezpečení nepřetržité
08 - Odbor krizového řízení;4516764;KH SERVIS a.s.;45279748;90800789;2009-12-14;akce č. 40459 - rozšíření a integrace MKS
08 - Odbor krizového řízení;4284000;KH SERVIS spol.s r.o.;45279748;40800636;2004-08-18;
08 - Odbor krizového řízení;4276500;KH SERVIS spol.s r.o.;45279748;30801339;2003-12-16;konečné plnění - rozšíření MKS
JPD2 - individuální projekty;4266150;KH SERVIS spol.s r.o.;45279748;602100072;2006-09-27;
08 - Odbor krizového řízení;4115123;KH SERVIS spol.s r.o.;45279748;60800334;2006-06-30;
08 - Odbor krizového řízení;4070152;KH SERVIS spol.s r.o.;45279748;60800497;2006-10-04;
08 - Odbor krizového řízení;4069900;KH SERVIS spol.s r.o.;45279748;60800723;2006-12-14;
08 - Odbor krizového řízení;4057829;KH SERVIS spol.s r.o.;45279748;60800194;2006-04-07;
08 - Odbor krizového řízení;3995254;KH SERVIS a.s.;45279748;90800688;2009-12-01;akce č. 40459 - rozšíření a integrace MKS
JPD2 - individuální projekty;3979955;KH SERVIS spol.s r.o.;45279748;602100061;2006-09-01;
08 - Odbor krizového řízení;3969310;KH SERVIS spol.s r.o.;45279748;50800648;2005-07-04;
08 - Odbor krizového řízení;3847106;KH SERVIS spol.s r.o.;45279748;30800319;2003-06-05;
08 - Odbor krizového řízení;3719462;KH SERVIS spol.s r.o.;45279748;50801113;2005-12-15;
08 - Odbor krizového řízení;3718391;KH SERVIS spol.s r.o.;45279748;50800865;2005-10-03;
08 - Odbor krizového řízení;3604800;KH SERVIS a.s.;45279748;110800807;2011-12-13;akce č. 40459 - sml 4905 - Městský kamerový systém - rozšíření a integrace
08 - Odbor bezpečnosti a krizového řízení;3604800;KH SERVIS a.s.;45279748;120800273;2012-05-16;Městský kamerový systém - rozšíření a integrace
08 - Odbor krizového řízení;3547985;KH SERVIS spol.s r.o.;45279748;50800453;2005-06-02;
08 - Odbor krizového řízení;3394785;KH SERVIS spol.s r.o.;45279748;50800146;2005-04-06;
08 - Odbor krizového řízení;3242512;KH SERVIS spol.s r.o.;45279748;40800522;2004-07-07;
JPD2 - individuální projekty;3189200;KH SERVIS spol.s r.o.;45279748;602100086;2006-11-27;
08 - Odbor krizového řízení;3162768;KH SERVIS a.s.;45279748;100800870;2010-12-15;akce č. 40459 - rozšíření a integrace MKS
08 - Odbor krizového řízení;3126368;KH SERVIS a.s.;45279748;90800631;2009-11-03;akce č. 40459- Rozšíření a integrace MKS
08 - Odbor krizového řízení;3123750;KH SERVIS spol.s r.o.;45279748;40800890;2004-11-04;
08 - Odbor krizového řízení;3088600;KH SERVIS a.s.;45279748;90800562;2009-10-05;Rozšíření a integrace MKS - akce č. 40459
08 - Odbor krizového řízení;3054706;KH SERVIS spol.s r.o.;45279748;30800617;2003-09-08;
08 - Odbor krizového řízení;2933226;KH SERVIS spol.s r.o.;45279748;40800731;2004-10-06;
08 - Odbor krizového řízení;2925863;KH SERVIS spol.s r.o.;45279748;40801318;2004-12-16;
08 - Odbor krizového řízení;2893640;KH SERVIS spol.s r.o.;45279748;80800822;2008-12-17;akce č. 7000 - Rozšíření MKS
08 - Odbor krizového řízení;2869501;KH SERVIS spol.s r.o.;45279748;40800757;2004-10-11;
08 - Odbor krizového řízení;2859925;KH SERVIS spol.s r.o.;45279748;30800683;2003-10-01;
08 - Odbor krizového řízení;2750142;KH SERVIS spol.s r.o.;45279748;40800133;2004-04-19;
08 - Odbor krizového řízení;2731860;KH SERVIS a.s.;45279748;100800594;2010-09-30;Integrace a výstavba MKS - akce č. 40459
08 - Odbor krizového řízení;2684880;KH SERVIS a.s.;45279748;100800659;2010-10-18;akce č. 40459 - rozšíření a integrace MKS - sml. 4704/2010
08 - Odbor krizového řízení;2669141;KH SERVIS spol.s r.o.;45279748;40800127;2004-04-07;
08 - Odbor krizového řízení;2531963;KH SERVIS a.s.;45279748;90800689;2009-12-01;akce č. 40459 - rozšíření a integrace MKS
08 - Odbor krizového řízení;2485915;KH SERVIS spol.s r.o.;45279748;20800466;2002-07-11;
08 - Odbor krizového řízení;2480016;KH SERVIS a.s.;45279748;100800871;2010-12-15;akce č. 40459 rozšíření a integrace MKS
08 - Odbor krizového řízení;2480016;KH SERVIS a.s.;45279748;110800531;2011-09-01;40459 - rozšíření a integrace MKS
08 - Odbor krizového řízení;2458236;KH SERVIS a.s.;45279748;100800739;2010-11-15;akce č. 40459 - rozšíření a integrace MKS - sml. č. 4652
08 - Odbor krizového řízení;2383228;KH SERVIS spol.s r.o.;45279748;60800581;2006-11-08;
08 - Odbor krizového řízení;2321785;KH SERVIS spol.s r.o.;45279748;60800621;2006-11-30;
08 - Odbor bezpečnosti a krizového řízení;2270975;KH SERVIS a.s.;45279748;130800392;2013-07-01;nákup služeb zajištění zabezpečení správy nadstavbového software ECCs operativních datových úložišť a digitální sítě MKS HMP 2.Q.2013
08 - Odbor bezpečnosti a krizového řízení;2270975;KH SERVIS a.s.;45279748;130800685;2013-10-22;zajištění služeb nadstavbového software ECCs operativních datových úložišť a digitální sítě MKS HMP - 3.Q.2013
08 - Odbor bezpečnosti a krizového řízení;2270975;KH SERVIS a.s.;45279748;140800377;2014-07-01;Zajištění služeb - zabezpečení správy nadstavbového SW ECCs 2.Q.2014
08 - Odbor bezpečnosti a krizového řízení;2270975;KH SERVIS a.s.;45279748;140800076;2014-01-07;zajištění služeb - zabezpečení správy nadstavbového SW ECCs 4.Q.2013
08 - Odbor bezpečnosti a krizového řízení;2270975;KH SERVIS a.s.;45279748;140800221;2014-04-07;zabezpečení správy ECCs - I.Q 2014
08 - Odbor bezpečnosti a krizového řízení;2270975;KH SERVIS a.s.;45279748;140800616;2014-10-08;zajištění služeb - zabezpečení správy nadstavbového SW ECCs 3.Q.2014
08 - Odbor bezpečnosti a krizového řízení;2180258;KH SERVIS a.s.;45279748;130800004;2013-01-02;nákup služeb - zajištění zabezpečení správy nadstavbového software ECCs operativních datových úložišť a digitální sítě MKS HMP 1.Q.13
08 - Odbor bezpečnosti a krizového řízení;2148606;KH SERVIS a.s.;45279748;120800362;2012-06-29;nákup služeb - zajištění servisu na zákl. sml. 4436/2008 - 2.Q.2012zabezpečení správy nadstavbového software ECCs operativních datových úložišť a digitální sítě MKS HMP
08 - Odbor bezpečnosti a krizového řízení;2126982;KH SERVIS a.s.;45279748;120800807;2012-12-13;zajištění servisu - zabezpečení správy nadstavbového software ECCs operativních datových úložišť a digitální sítě MKS HMP 4.Q.2012
08 - Odbor bezpečnosti a krizového řízení;2126982;KH SERVIS a.s.;45279748;120800601;2012-10-02;nákup služeb - zajištění servisu - smlouva 4436/2008 - III.Q 2012-zabezpečení správy nadstavbového SW ECCs operativních datových úložišť a digit. sitě
08 - Odbor krizového řízení;2125000;KH SERVIS spol.s r.o.;45279748;30800499;2003-07-09;
08 - Odbor krizového řízení;2125000;KH SERVIS spol.s r.o.;45279748;30801344;2003-12-17;zajištění nepřetržité provozuschopnosti technol. systémů a zařízení MKS
08 - Odbor krizového řízení;2125000;KH SERVIS spol.s r.o.;45279748;30800697;2003-10-07;
08 - Odbor bezpečnosti a krizového řízení;2108544;KH SERVIS a.s.;45279748;120800176;2012-04-02;Smlouva o dílo - zabezpečení správy nadstavbového software ECCs operativních datových úložišť a digitální sítě MKS HMP
08 - Odbor krizového řízení;2009760;KH SERVIS a.s.;45279748;110800493;2011-08-11;akce č. 40459 - Městský kamerový systém - rozšíření a integrace
08 - Odbor krizového řízení;1888032;KH SERVIS a.s.;45279748;110800864;2011-12-19;Smlouva o dílo - zabezpečení správy nadstavbového software ECCs operativních datových úložišť a digitální sítě MKS HMP 4.Q.2011
08 - Odbor krizového řízení;1888032;KH SERVIS a.s.;45279748;110800601;2011-10-03;nákup služeb -  zabezpečení správy nadstavbového software ECCs operativních datových úložišť a digitální sítě MKS HMP 3.Q.2011
08 - Odbor krizového řízení;1888032;KH SERVIS a.s.;45279748;110800345;2011-07-01;Smlouva o dílo - zabezpečení správy nadstavbového software ECCs operativních datových úložišť a digitální sítě MKS HMP
08 - Odbor krizového řízení;1880498;KH SERVIS spol.s r.o.;45279748;70800819;2007-12-13;akce č. 7000 - Rozšíření MKS
08 - Odbor krizového řízení;1860117;KH SERVIS a.s.;45279748;110800176;2011-03-31;Nákup služeb - zabezpečení správy nadstavbového software ECCs operativních datových úložišť a digitální sítě MKS HMP - 1.Q.2011
08 - Odbor krizového řízení;1800000;KH SERVIS spol.s r.o.;45279748;20801247;2002-12-12;
08 - Odbor krizového řízení;1800000;KH SERVIS spol.s r.o.;45279748;20800699;2002-10-09;
08 - Odbor krizového řízení;1800000;KH SERVIS spol.s r.o.;45279748;30800092;2003-04-14;
08 - Odbor krizového řízení;1755250;KH SERVIS spol.s r.o.;45279748;60800726;2006-12-14;
08 - Odbor krizového řízení;1663620;KH SERVIS spol.s r.o.;45279748;60800600;2006-11-22;
08 - Odbor krizového řízení;1637000;KH SERVIS spol.s r.o.;45279748;20801242;2002-12-12;
08 - Odbor krizového řízení;1609233;KH SERVIS a.s.;45279748;100800812;2010-12-09;nákup služeb - zabezpečení správy SW ECCs  - 4.Q.2010
08 - Odbor krizového řízení;1609233;KH SERVIS a.s.;45279748;100800602;2010-10-04;Nákup služeb - zajištění zabezpečení zprávy SW ECCS ODU a digi sítě MKS - 3.Q.2010
08 - Odbor krizového řízení;1609233;KH SERVIS a.s.;45279748;100800367;2010-07-01;nákup služeb - zabezpečení správy SW ECCs ODU a digi sítě MKS - 2.Q.2010
08 - Odbor krizového řízení;1593300;KH SERVIS a.s.;45279748;100800167;2010-04-06;zabezpečení správy SW ECCs ODU a digi sítě MKS v 1.Q 2010
08 - Odbor krizového řízení;1477980;KH SERVIS a.s.;45279748;90800194;2009-04-01;nákup služeb - zabezpečení správy SW ECCs ODU a digit. sítě MKS
08 - Odbor krizového řízení;1477980;KH SERVIS a.s.;45279748;90800351;2009-07-01;nákup služeb - zabezpečení správy SW ECCs ODU a digit. sítě MKS
08 - Odbor krizového řízení;1477980;KH SERVIS a.s.;45279748;90800557;2009-10-01;nákup služeb - zabezpečení správy SW ECCs ODU a digi sítě MKS za 3. Q 2009
08 - Odbor krizového řízení;1477980;KH SERVIS a.s.;45279748;90800760;2009-12-10;nákup služeb - zabezpečení správy SW ECCs ODU a digi sítě MKS 4.Q.2009
40 - Odbor informatiky;1380000;KH SERVIS a.s.;45279748;104001342;2010-10-13;2298/2010/DIL - dílo dodávek a montáží integrace MKS - k 24.9.2010 - ČB
08 - Odbor krizového řízení;1292340;KH SERVIS spol.s r.o.;45279748;60800719;2006-12-14;
08 - Odbor bezpečnosti a krizového řízení;1279575;KH SERVIS a.s.;45279748;130800572;2013-08-26;servis a údržba - integrace kamer - 37. etapa DS (5190/2013) k RS (5133/2012)
08 - Odbor krizového řízení;1265565;KH SERVIS spol.s r.o.;45279748;80800782;2008-12-15;nákup služeb - zabezpečení
08 - Odbor krizového řízení;1265565;KH SERVIS spol.s r.o.;45279748;80800528;2008-10-01;nákup služeb - zabezpečení správy SW a sítě MKS
08 - Odbor krizového řízení;1260744;KH SERVIS a.s.;45279748;100800869;2010-12-15;akce č. 40459 - rozšíření a integrace MKS
08 - Odbor krizového řízení;1220825;KH SERVIS a.s.;45279748;100800369;2010-07-01; akce č. 40459 - rozšíření a integfrace MKS
08 - Odbor krizového řízení;1179998;KH SERVIS spol.s r.o.;45279748;60800599;2006-11-22;
08 - Odbor krizového řízení;1176600;KH SERVIS a.s.;45279748;100800658;2010-10-18;akce č. 40459 - Rozšíření a integrace MKS - sml. 4654/2010
08 - Odbor krizového řízení;1125740;KH SERVIS spol.s r.o.;45279748;70800821;2007-12-13;akce č. 7000 - Rozšíření MKS
08 - Odbor krizového řízení;1124550;KH SERVIS spol.s r.o.;45279748;60800309;2006-06-13;
08 - Odbor krizového řízení;1087410;KH SERVIS spol.s r.o.;45279748;70800001;2006-12-14;nákup drobného hmotného majetku
08 - Odbor krizového řízení;1035132;KH SERVIS a.s.;45279748;100800657;2010-10-18;akce č. 40459 - Rozšíření a integrace MKS - sml. 4652/2010
08 - Odbor krizového řízení;999898;KH SERVIS spol.s r.o.;45279748;70800837;2007-12-17;nákup služeb
08 - Odbor krizového řízení;999005;KH SERVIS spol.s r.o.;45279748;60800725;2006-12-14;
08 - Odbor krizového řízení;998993;KH SERVIS spol.s r.o.;45279748;50801112;2005-12-15;
08 - Odbor krizového řízení;983773;KH SERVIS spol.s r.o.;45279748;40801345;2004-12-22;
08 - Odbor krizového řízení;849923;KH SERVIS spol.s r.o.;45279748;30801058;2003-11-28;opravy a udržování dodavatelsky
08 - Odbor krizového řízení;843710;KH SERVIS spol.s r.o.;45279748;80800386;2008-07-14;nákup služeb
08 - Odbor krizového řízení;787185;KH SERVIS spol.s r.o.;45279748;70800661;2007-11-12;opravy a udržování
08 - Odbor krizového řízení;764932;KH SERVIS a.s.;45279748;90800321;2009-06-17;akce č. 40459 - Rozšíření a integrace MKS
08 - Odbor krizového řízení;702000;KH SERVIS a.s.;45279748;100800729;2010-11-11; akce č. 40459 - Rozšíření a integrace MKS - sml. 4654/2010
08 - Odbor krizového řízení;590002;KH SERVIS spol.s r.o.;45279748;60800310;2006-06-13;
40 - Odbor informatiky;576000;KH SERVIS a.s.;45279748;104001555;2010-11-23;2298/2010/DIL - dodávka a montáž integrace kamerového systému TSK do MKS včerně vytvoření bezpeč.přístupové vrstvy MKS - MČ
08 - Odbor krizového řízení;520625;KH SERVIS spol.s r.o.;45279748;60800610;2006-11-27;
08 - Odbor krizového řízení;498848;KH SERVIS spol.s r.o.;45279748;50801109;2005-12-15;
08 - Odbor krizového řízení;495040;KH SERVIS a.s.;45279748;90800790;2009-12-14;akce č. 40459 - rozšíření a integrace MKS
08 - Odbor krizového řízení;494676;KH SERVIS a.s.;45279748;110800824;2011-12-15;obj. č. 105/2011 - nákup materiálu j.n. - akumulátory
08 - Odbor krizového řízení;480677;KH SERVIS spol.s r.o.;45279748;70800307;2007-05-31;nákup služeb - přemístění KS
08 - Odbor krizového řízení;480677;KH SERVIS spol.s r.o.;45279748;70800158;2007-03-02;nákup služeb - přemístění KS
08 - Odbor krizového řízení;466073;KH SERVIS spol.s r.o.;45279748;20800317;2002-06-07;
08 - Odbor krizového řízení;449936;KH SERVIS spol.s r.o.;45279748;40801050;2004-11-24;
08 - Odbor krizového řízení;423720;KH SERVIS a.s.;45279748;100800527;2010-08-26;opravy a udržování - obj. 24/2010
08 - Odbor krizového řízení;409289;KH SERVIS spol.s r.o.;45279748;80800779;2008-12-15;drobný hmotný majetek
40 - Odbor informatiky;393250;KH SERVIS a.s.;45279748;134000236;2013-03-08;2299/2010/INO - Integrace kamerového systému TSK do MKS - 01/13
40 - Odbor informatiky;393250;KH SERVIS a.s.;45279748;134000217;2013-03-05;2299/2010/INO - Integrace kamerového systému TSK do MKS - 02/13
40 - Odbor informatiky;393250;KH SERVIS a.s.;45279748;134000303;2013-04-04;2299/2010/INO - Integrace kamerového systému TSK do MKS - 03/13
40 - Odbor informatiky;393250;KH SERVIS a.s.;45279748;134000440;2013-05-14;2299/2010/INO - Integrace kamerového systému TSK do MKS - 04/13
40 - Odbor informatiky;393250;KH SERVIS a.s.;45279748;134000555;2013-06-20;2299/2010/INO - Integrace kamerového systému TSK do MKS - 05/13
40 - Odbor informatiky;393250;KH SERVIS a.s.;45279748;134000669;2013-07-17;2299/2010/INO - Integrace kamerového systému TSK do MKS - 06/13
40 - Odbor informatiky;393250;KH SERVIS a.s.;45279748;134000739;2013-08-12;2299/2010/INO - Integrace kamerového systému TSK do MKS - 07/13
40 - Odbor informatiky;393250;KH SERVIS a.s.;45279748;134000798;2013-09-04;2299/2010/INO - Integrace kamerového systému TSK do MKS - 08/13
40 - Odbor informatiky;393250;KH SERVIS a.s.;45279748;134000888;2013-10-01;2299/2010/INO - Integrace kamerového systému TSK do MKS - 09/13
40 - Odbor informatiky;390000;KH SERVIS a.s.;45279748;114001423;2011-12-09;2299/2010/INO - Integrace kamerového systému TSK do MKS 11/11
40 - Odbor informatiky;390000;KH SERVIS a.s.;45279748;114001272;2011-11-04;  2299/2010/INO - Integrace kamerového systému TSK do MKS - 10/11
40 - Odbor informatiky;390000;KH SERVIS a.s.;45279748;114001101;2011-10-04; 2299/2010/INO - Integrace kamerového systému TSK do MKS - 09/11
40 - Odbor informatiky;390000;KH SERVIS a.s.;45279748;114001066;2011-09-23;2299/2010/INO - Integrace kamerového systému TSK do MKS - 08/11
40 - Odbor informatiky;390000;KH SERVIS a.s.;45279748;114000896;2011-08-04;2299/2010/INO - Integrace kamerového systému TSK do MKS - 07/11
40 - Odbor informatiky;390000;KH SERVIS a.s.;45279748;114000790;2011-07-12;2299/2010/INO - Integrace kamerového systému TSK do MKS - 06/11
40 - Odbor informatiky;390000;KH SERVIS a.s.;45279748;114000633;2011-06-01;2299/2010/INO - Integrace kamerového systému TSK do MKS - 05/11
40 - Odbor informatiky;390000;KH SERVIS a.s.;45279748;114000519;2011-05-04;2299/2010/INO - Integrace kamerového systému TSK do MKS - 04/11
40 - Odbor informatiky;390000;KH SERVIS a.s.;45279748;114000408;2011-04-05;2299/2010/INO - Integrace kamerového systému TSK do MKS 03/11
40 - Odbor informatiky;390000;KH SERVIS a.s.;45279748;114000317;2011-03-11;2299/2010/INO - Integrace kamerového systému TSK do MKS - 02/11
40 - Odbor informatiky;390000;KH SERVIS a.s.;45279748;114000174;2011-02-07;2299/2010/INO - Integrace kamerového systému TSK do systému MKS 01/11
40 - Odbor informatiky;390000;KH SERVIS a.s.;45279748;114000125;2011-01-17;2299/2010 - podpora - integrace kamer.sys. TSK do sys. MKS
40 - Odbor informatiky;390000;KH SERVIS a.s.;45279748;114000040;2010-12-27;2299/2010/INO - Integrace kamerového systému TSK do systému MKS - servisní podpora - 11/12 - MČ
40 - Odbor informatiky;390000;KH SERVIS a.s.;45279748;124001045;2012-12-04;2299/2010/INO - Integrace kamerového systému TSK do MKS - 11/12 - servisní podpora
40 - Odbor informatiky;390000;KH SERVIS a.s.;45279748;124000957;2012-11-02;2299/2010/INO - Integrace kamerového systému TSK do MKS - 10/12 - servisní podpora
40 - Odbor informatiky;390000;KH SERVIS a.s.;45279748;124000830;2012-10-02;2299/2010/INO - Integrace kamerového systému TSK do MKS - 09/12 - servisní podpora
40 - Odbor informatiky;390000;KH SERVIS a.s.;45279748;124000707;2012-08-06;2299/2010/INO - Integrace kamerového systému TSK do MKS - 07/12 - servisní podpora
40 - Odbor informatiky;390000;KH SERVIS a.s.;45279748;124000603;2012-07-10;2299/2010/INO - Integrace kamerového systému TSK do MKS - 06/12 - servisní podpora
40 - Odbor informatiky;390000;KH SERVIS a.s.;45279748;124000512;2012-06-05;2299/2010/INO - Integrace kamerového systému TSK do MKS - 05/12 - servisní podpora
40 - Odbor informatiky;390000;KH SERVIS a.s.;45279748;124000426;2012-05-04;2299/2010/INO - Integrace kamerového systému TSK do MKS - podpora - 04/12
40 - Odbor informatiky;390000;KH SERVIS a.s.;45279748;124000378;2012-04-13;2299/2010/INO - Integrace kamerového systému TSK do MKS - 03/12
40 - Odbor informatiky;390000;KH SERVIS a.s.;45279748;124000275;2012-03-12;2299/2010/INO  - Integrace kamerového systému TSK do MKS za měsíc únor 2012.
40 - Odbor informatiky;390000;KH SERVIS a.s.;45279748;124000766;2012-08-31;2299/2010/INO - Integrace kamerového systému TSK do MKS - 08/12 - servisní podpora
40 - Odbor informatiky;390000;KH SERVIS a.s.;45279748;124000154;2012-02-07;2299/40/03/2010/INO - Integrace kamerového systému TSK do MKS za měsíc leden 2012.
40 - Odbor informatiky;390000;KH SERVIS a.s.;45279748;124000128;2012-01-24;2299/2010/INO -  Integrace kamerového systému TSK do MKS - 12/11
40 - Odbor informatiky;390000;KH SERVIS a.s.;45279748;134000066;2013-01-11;2299/2010/INO - Integrace kamerového systému TSK do MKS - 12/12
08 - Odbor krizového řízení;386964;KH SERVIS spol.s r.o.;45279748;60800724;2006-12-14;
08 - Odbor krizového řízení;379080;KH SERVIS a.s.;45279748;110800585;2011-09-26;akce č. 40459 - sml. 4905Městský kamerový systém - rozšíření a integrace
08 - Odbor krizového řízení;355020;KH SERVIS spol.s r.o.;45279748;20800060;2002-03-18;
08 - Odbor krizového řízení;343660;KH SERVIS a.s.;45279748;90800748;2009-12-10;opavy a udržování obj. č. 70/2009
08 - Odbor krizového řízení;322536;KH SERVIS spol.s r.o.;45279748;20800013;2002-01-14;
08 - Odbor krizového řízení;318563;KH SERVIS a.s.;45279748;90800745;2009-12-10;opravy a udržování - obj. č. 65/2009
08 - Odbor krizového řízení;316505;KH SERVIS spol.s r.o.;45279748;70800658;2007-11-09;drobný hmotný majetek
08 - Odbor krizového řízení;316052;KH SERVIS spol.s r.o.;45279748;60800173;2006-03-23;
08 - Odbor krizového řízení;309007;KH SERVIS a.s.;45279748;90800493;2009-08-14;opravy a udržování - obj. č. 0033/2009
08 - Odbor krizového řízení;309000;KH SERVIS a.s.;45279748;110800562;2011-09-09;akce č. 40459 - sml. 4905 -Městský kamerový systém - rozšíření a integrace
08 - Odbor krizového řízení;303475;KH SERVIS spol.s r.o.;45279748;80800231;2008-05-14;opravy a udržování
40 - Odbor informatiky;301290;KH servis  a.s.;45279748;144000316;2014-03-04;3040/2013/INO - podpora pro MKS 02/14
40 - Odbor informatiky;301290;KH servis  a.s.;45279748;144000656;2014-05-06;3040/2013/INO - podpora pro MKS 04/14
40 - Odbor informatiky;301290;KH servis  a.s.;45279748;144000556;2014-04-03;3040/2013/INO - podpora pro MKS 03/14
08 - Odbor krizového řízení;275284;KH SERVIS a.s.;45279748;90800520;2009-09-03;Rozšíření a integrace MKS - akce č. 40459
40 - Odbor informatiky;274821;KH SERVIS a.s.;45279748;134001038;2013-11-11;2299/2010/INO - Integrace kamerového systému TSK do MKS - 10/13
08 - Odbor krizového řízení;263542;KH SERVIS a.s.;45279748;110800701;2011-11-08;obj. 44/2011 - nákup  DHDM (elektropanely a rozvaděče APC)
08 - Odbor krizového řízení;241994;KH SERVIS spol.s r.o.;45279748;60800172;2006-03-23;
08 - Odbor krizového řízení;230000;KH SERVIS a.s.;45279748;90800758;2009-12-10;opravy a udržování - obj. č. 74/2009
08 - Odbor krizového řízení;219329;KH SERVIS spol.s r.o.;45279748;40800367;2004-06-02;
08 - Odbor krizového řízení;216000;KH SERVIS a.s.;45279748;100800370;2010-07-01; opravy a udržování - obj. č. 0044/2010
40 - Odbor informatiky;210000;KH SERVIS a.s.;45279748;104001557;2010-11-23;2298/2010/DIL - integrace TSK do MKS - zkušební provoz - MČ
08 - Odbor krizového řízení;206520;KH SERVIS a.s.;45279748;110800859;2011-12-16;obj. č.124/2011 - opravy a udržování monitorovací stěny na monitorovacím pracovišti OŘ PČR
08 - Odbor krizového řízení;202300;KH SERVIS spol.s r.o.;45279748;80800780;2008-12-15;nákup služeb
08 - Odbor krizového řízení;202300;KH SERVIS spol.s r.o.;45279748;80800781;2008-12-15;nákup služeb
08 - Odbor bezpečnosti a krizového řízení;200364;KH SERVIS a.s.;45279748;140800040;2014-01-07;obj.č. BKR 39/2013 - technologie pro integraci kamer MČ Praha Lochkov
08 - Odbor bezpečnosti a krizového řízení;199880;KH SERVIS a.s.;45279748;130800832;2013-12-11;obj. č. BKR 15/2013 - opětovná montáž kamery - poliklinika Budějovická - Slivenec
08 - Odbor bezpečnosti a krizového řízení;199880;KH SERVIS a.s.;45279748;130800797;2013-12-05;obj. č.BKR 12/2013 - oprava - montáž kamery VO 102760
08 - Odbor krizového řízení;198480;KH SERVIS a.s.;45279748;110800273;2011-05-23;obj. 13/2011 opravy a udržování - demontáž a opětovná montáž kameryna autobusovém nádr. Florenc
08 - Odbor bezpečnosti a krizového řízení;196952;KH SERVIS a.s.;45279748;130800829;2013-12-10;obj.č. BKR 14/2013- demontáž a montáž kamerového stanoviště Štvanice - Dubeč
08 - Odbor krizového řízení;191864;KH SERVIS a.s.;45279748;90800492;2009-08-14;opravy a udržování - obj. č. 0028/2009
08 - Odbor krizového řízení;184832;KH SERVIS spol.s r.o.;45279748;80800280;2008-06-12;opravy a udržování
08 - Odbor krizového řízení;182944;KH SERVIS spol.s r.o.;45279748;80800271;2008-06-05;opravy a udržování
08 - Odbor krizového řízení;178500;KH SERVIS spol.s r.o.;45279748;30800736;2003-10-10;
08 - Odbor krizového řízení;175049;KH SERVIS a.s.;45279748;90800601;2009-10-20;opravy a udržování
40 - Odbor informatiky;174000;KH SERVIS a.s.;45279748;104001556;2010-11-23; 2298/2010/DIL - integrace TSK do MKS - školení uživatelů - MČ
08 - Odbor krizového řízení;172080;KH SERVIS a.s.;45279748;100800866;2010-12-15;opravy a udržování obj. č. 112/2010
08 - Odbor krizového řízení;163738;KH SERVIS spol.s r.o.;45279748;40801347;2004-12-22;
08 - Odbor krizového řízení;159817;KH SERVIS spol.s r.o.;45279748;50800978;2005-11-10;
40 - Odbor informatiky;150645;KH servis  a.s.;45279748;144000173;2014-02-03;3040/2013/INO - podpora pro MKS 01/14
40 - Odbor informatiky;150645;KH servis  a.s.;45279748;144000701;2014-05-21;3040/2013/INO - podpora pro MKS  - do 15.5.2014 - smlouva vyčerpána
08 - Odbor krizového řízení;142265;KH SERVIS spol.s r.o.;45279748;40801346;2004-12-22;
08 - Odbor krizového řízení;141384;KH SERVIS a.s.;45279748;100800335;2010-06-18; opravy a udržování obj. 31/2010
08 - Odbor bezpečnosti a krizového řízení;140914;KH SERVIS a.s.;45279748;130800800;2013-12-05;obj.č. BKR 77/2013 nákup  2ks licence ECC 2ks Esri 2ks WinSvr
08 - Odbor krizového řízení;140408;KH SERVIS spol.s r.o.;45279748;80800382;2008-07-14;nákup služeb - zabezpečení
08 - Odbor krizového řízení;135999;KH SERVIS a.s.;45279748;90800604;2009-10-26;Opravy a udržování - obj.č. 08/2008
08 - Odbor krizového řízení;135381;KH SERVIS spol.s r.o.;45279748;50800941;2005-10-31;
08 - Odbor krizového řízení;129049;KH SERVIS spol.s r.o.;45279748;70800085;2007-01-19;opravy a udržování
08 - Odbor krizového řízení;128520;KH SERVIS spol.s r.o.;45279748;70800159;2007-03-02;nákup služeb - přemístění CB CSI
08 - Odbor krizového řízení;126202;KH SERVIS spol.s r.o.;45279748;20800062;2002-03-18;
08 - Odbor bezpečnosti a krizového řízení;126000;KH SERVIS a.s.;45279748;130800034;2013-01-09;obj. č. BKR 39/2012 - dodávka a instalace SW
08 - Odbor krizového řízení;118619;KH SERVIS a.s.;45279748;90800579;2009-10-07;opravy a udržování - obj.č. 0033/2009
08 - Odbor bezpečnosti a krizového řízení;117528;KH SERVIS a.s.;45279748;120800250;2012-05-04;obj. č. 16/11 opravy a udržování kamery č. 1311
08 - Odbor krizového řízení;117513;KH SERVIS spol.s r.o.;45279748;70800308;2007-05-31;nákup služeb - obměna vč. montáže kamery
40 - Odbor informatiky;117450;KH SERVIS a.s.;45279748;124000374;2012-04-13;Obj.124020082  - na základě sml. vytvoření bezpečného rozhraní sítí MKS a DP Metro k 11.4.2012
08 - Odbor bezpečnosti a krizového řízení;117370;KH SERVIS a.s.;45279748;140800514;2014-08-13;BKR 30/2014 služby zajišťující servis - podpora pro MKS (IKS) - červenec 2014
08 - Odbor bezpečnosti a krizového řízení;115233;KH SERVIS a.s.;45279748;130800681;2013-10-21;obj.č. 34/13 - opětovná montáž kamery
08 - Odbor krizového řízení;114811;KH SERVIS spol.s r.o.;45279748;80800174;2008-04-07;opravy a udržování
08 - Odbor bezpečnosti a krizového řízení;114720;KH SERVIS a.s.;45279748;120800680;2012-11-02;obj. č. BKR 29/12 - nákup materiálu j.n. (4x lampa do projekční stěny)
08 - Odbor krizového řízení;114359;KH SERVIS spol.s r.o.;45279748;40800633;2004-08-17;
08 - Odbor krizového řízení;110664;KH SERVIS spol.s r.o.;45279748;80800608;2008-11-04;opravy a udržování
08 - Odbor krizového řízení;108314;KH SERVIS spol.s r.o.;45279748;70800816;2007-12-13;nákup služeb obj. č. 0013482
08 - Odbor krizového řízení;105800;KH SERVIS spol.s r.o.;45279748;80800411;2008-07-16;opravy a udržování MKS
08 - Odbor krizového řízení;105740;KH SERVIS spol.s r.o.;45279748;80800375;2008-07-10;opravy a udržování
08 - Odbor bezpečnosti a krizového řízení;103968;KH SERVIS a.s.;45279748;120800815;2012-12-13;obj. BKR 46/12 - oprava klimatizace MKS na OŘ PČR I.
08 - Odbor krizového řízení;102408;KH SERVIS spol.s r.o.;45279748;80800374;2008-07-10;opravy a udržování
08 - Odbor krizového řízení;102408;KH SERVIS spol.s r.o.;45279748;80800373;2008-07-10;opravy a udržování
08 - Odbor krizového řízení;102408;KH SERVIS spol.s r.o.;45279748;80800372;2008-07-10;opravy a udržování
08 - Odbor bezpečnosti a krizového řízení;97502;KH SERVIS a.s.;45279748;130800571;2013-08-26;obj. BKR 46/2013 opravy technologií poškozených bouřkou ze dne 29.07.2013
08 - Odbor krizového řízení;97092;KH SERVIS a.s.;45279748;100800251;2010-05-12;opravy a udržování obj. č. 26/2010
08 - Odbor krizového řízení;93544;KH SERVIS spol.s r.o.;45279748;50801111;2005-12-15;
08 - Odbor krizového řízení;93534;KH SERVIS spol.s r.o.;45279748;80800602;2008-10-31;opravy a udržování - MKS
08 - Odbor bezpečnosti a krizového řízení;92565;KH SERVIS a.s.;45279748;130800497;2013-07-25;obj.č. BKR/OBJ/037/13 - opravy a údržba - dodání lamp
08 - Odbor krizového řízení;92225;KH SERVIS spol.s r.o.;45279748;70800208;2007-04-10;nákup služeb - kamerové zkoušky
08 - Odbor krizového řízení;91701;KH SERVIS a.s.;45279748;90800509;2009-08-26;opravy a udržování - obj. č. 0029/2009
08 - Odbor krizového řízení;89786;KH SERVIS spol.s r.o.;45279748;50800084;2005-02-23;
08 - Odbor bezpečnosti a krizového řízení;88620;KH SERVIS a.s.;45279748;130800569;2013-08-26;BKR 35/2013 opravy a udržování - demontáž a montáž kamery (U Sparty/Jana Zajíce na Podolské nábřeží/Jeremenkova)
08 - Odbor krizového řízení;88605;KH SERVIS spol.s r.o.;45279748;70800549;2007-09-25;nákup služeb - demontáž a montáž
08 - Odbor krizového řízení;88056;KH SERVIS spol.s r.o.;45279748;20800046;2002-03-05;
08 - Odbor bezpečnosti a krizového řízení;86522;KH SERVIS a.s.;45279748;130800798;2013-12-05;obj. č. BKR 75/2013 nákup DHM - dodávka 2ks LCD monitorů a 2ks PC Dell Precision
08 - Odbor bezpečnosti a krizového řízení;86317;KH SERVIS a.s.;45279748;130800787;2013-12-02;obj. č. BKR 62/2013 - opravy a údržba - integrace 3ks kamer MČ Praha 17
08 - Odbor bezpečnosti a krizového řízení;83853;KH SERVIS a.s.;45279748;140800794;2014-12-08;obj. č. BKR 76/2014 oprava - oprava klimatizační jednotky
08 - Odbor bezpečnosti a krizového řízení;81796;KH SERVIS a.s.;45279748;140800836;2014-12-15;obj. č. BKR 63/2014 oprava a rekonstrukce kabelového vedení
08 - Odbor bezpečnosti a krizového řízení;79328;KH SERVIS a.s.;45279748;140800515;2014-08-13;BKR 37/2014 oprava technologií MKS při bouřce dne 7.7.2014
08 - Odbor krizového řízení;71952;KH SERVIS a.s.;45279748;100800567;2010-09-16; opravy a udržování - obj.č. 0065/2010
08 - Odbor krizového řízení;71880;KH SERVIS a.s.;45279748;100800157;2010-03-24;nákup služeb - na základě obj. č. 2/10 ze dne 11.3.2010 vypracování projektové dokumentace k výstavbě  kamer MKS
08 - Odbor krizového řízení;71580;KH SERVIS a.s.;45279748;100800756;2010-11-22;opravy a udržování obj. č. 94/2010
08 - Odbor krizového řízení;70473;KH SERVIS spol.s r.o.;45279748;50800864;2005-10-03;
08 - Odbor krizového řízení;67426;KH SERVIS spol.s r.o.;45279748;50800772;2005-08-15;
08 - Odbor krizového řízení;66188;KH SERVIS spol.s r.o.;45279748;80800479;2008-08-27;nákup služeb - upgrade PC pracoviště
08 - Odbor krizového řízení;65450;KH SERVIS spol.s r.o.;45279748;50800534;2005-06-15;
08 - Odbor krizového řízení;64974;KH SERVIS a.s.;45279748;90800746;2009-12-10;opravy a udržování obj. č. 72/2009
08 - Odbor krizového řízení;64855;KH SERVIS spol.s r.o.;45279748;50800666;2005-07-11;
08 - Odbor krizového řízení;64445;KH SERVIS spol.s r.o.;45279748;50800898;2005-10-12;
08 - Odbor krizového řízení;62475;KH SERVIS spol.s r.o.;45279748;30800504;2003-07-14;
08 - Odbor krizového řízení;62222;KH SERVIS spol.s r.o.;45279748;60800171;2006-03-23;
08 - Odbor krizového řízení;61200;KH SERVIS a.s.;45279748;100800865;2010-12-15;opravy a udržování obj. č. 111/2010
08 - Odbor bezpečnosti a krizového řízení;60379;KH SERVIS a.s.;45279748;130800613;2013-09-17;obj. BKR 43/2013 servis a údržba klimatizačních jednotek
08 - Odbor bezpečnosti a krizového řízení;60185;KH SERVIS a.s.;45279748;130800579;2013-09-02;obj. BKR 49/2013 oprava technologií poškozených bouřkou dne 29.7.2013
08 - Odbor krizového řízení;59772;KH SERVIS a.s.;45279748;100800815;2010-12-09; opravy a udržování obj. č. 99/2010
08 - Odbor krizového řízení;59640;KH SERVIS a.s.;45279748;100800816;2010-12-09; opravy a udržování obj. č. 101/2010
08 - Odbor krizového řízení;59640;KH SERVIS a.s.;45279748;110800699;2011-11-08;obj. č.101/2011 - opravy a udržování - pravidelná roční profilaxe
08 - Odbor bezpečnosti a krizového řízení;59640;KH SERVIS a.s.;45279748;120800726;2012-11-21;obj. č. BKR 34/12 opravy a udržování - profylaktická kontrola a prohlídka UPS
08 - Odbor krizového řízení;58188;KH SERVIS a.s.;45279748;110800573;2011-09-19;obj. 69/2011 - demontáž kamery- opravy a udržování
08 - Odbor krizového řízení;58152;KH SERVIS a.s.;45279748;100800585;2010-09-24;oprava el. přípojky - obj. 69/10
08 - Odbor bezpečnosti a krizového řízení;58024;KH SERVIS a.s.;45279748;130800801;2013-12-05;obj.č. BKR 80/2013 nákup DHM - zřízení 2 monitorovacích pracovišť MKS
08 - Odbor krizového řízení;56823;KH SERVIS spol.s r.o.;45279748;80800126;2008-02-27;nákup služeb - úpravy PC na OS MP
08 - Odbor krizového řízení;56525;KH SERVIS spol.s r.o.;45279748;60800598;2006-11-22;
08 - Odbor krizového řízení;56459;KH SERVIS spol.s r.o.;45279748;20800447;2002-07-04;
08 - Odbor bezpečnosti a krizového řízení;56023;KH SERVIS a.s.;45279748;140800604;2014-09-30;obj.č. BKR/11/14 - demontáž a montáž kamery
08 - Odbor krizového řízení;54504;KH SERVIS a.s.;45279748;110800175;2011-03-31;opravy a udržování obj. 6/2011
08 - Odbor krizového řízení;52781;KH SERVIS a.s.;45279748;90800531;2009-09-11;opravy a udržování - obj.č. 0045/2009
08 - Odbor krizového řízení;52360;KH SERVIS spol.s r.o.;45279748;50800533;2005-06-15;
08 - Odbor krizového řízení;51474;KH SERVIS spol.s r.o.;45279748;20800068;2002-04-02;
08 - Odbor bezpečnosti a krizového řízení;49787;KH SERVIS a.s.;45279748;120800471;2012-07-26;obj. č. 13/12 - oprava kamery č. 410
08 - Odbor krizového řízení;49680;KH SERVIS a.s.;45279748;110800828;2011-12-15;obj. č. 123/2011 - programové vybavení - 3x licence ESRI ArcObjects
08 - Odbor krizového řízení;48252;KH SERVIS a.s.;45279748;110800295;2011-06-07;obj. 31/2011 - opravy a udržování - jednorázový servis a oprava klimatizační jednotky
08 - Odbor bezpečnosti a krizového řízení;47994;KH SERVIS a.s.;45279748;120800169;2012-03-23;obj.č. 6/12 výměna elektroměrového rozvaděče
08 - Odbor bezpečnosti a krizového řízení;47968;KH SERVIS a.s.;45279748;120800472;2012-07-26;obj. č. 14/12 - rekonstrukce SB Antala Staška
08 - Odbor bezpečnosti a krizového řízení;47964;KH SERVIS a.s.;45279748;120800818;2012-12-13;obj. BKR 49/2012 - opětovná montáž kamery č. 106017 - Vlastina 36
08 - Odbor krizového řízení;46743;KH SERVIS spol.s r.o.;45279748;80800165;2008-03-31;opravy a udržování dodavatelsky
08 - Odbor krizového řízení;46482;KH SERVIS spol.s r.o.;45279748;70800654;2007-11-07;opravy a udržování
08 - Odbor bezpečnosti a krizového řízení;46200;KH SERVIS a.s.;45279748;130800025;2013-01-04;obj. BKR 50/2012 - údržba - reinstalace informačního serveru MKS
08 - Odbor krizového řízení;45764;KH SERVIS a.s.;45279748;100800651;2010-10-15;opravy a udržování - obj. 85/10
08 - Odbor krizového řízení;45764;KH SERVIS a.s.;45279748;110800462;2011-08-03;obj.č. 54/2011 - opravy a udržování - výměna prasklých krytů
08 - Odbor bezpečnosti a krizového řízení;44424;KH SERVIS a.s.;45279748;120800816;2012-12-13;obj. BKR 47/2012 - opravy - přemístění SB MKS Za Poštovskou zahradou
08 - Odbor krizového řízení;41838;KH SERVIS spol.s r.o.;45279748;70800815;2007-12-13;nákup služeb - obj.č. 0013464
08 - Odbor bezpečnosti a krizového řízení;41328;KH SERVIS a.s.;45279748;130800760;2013-11-25;obj. BKR 63/2013 - oprava poškozeného kamerového stanoviště č. 107033
08 - Odbor krizového řízení;41293;KH SERVIS a.s.;45279748;90800225;2009-04-16;opravy a udržování - obj.č. 00010/2009
08 - Odbor krizového řízení;41220;KH SERVIS a.s.;45279748;100800366;2010-07-01; opravy a udržování - obj. č. 0035/2010
08 - Odbor bezpečnosti a krizového řízení;41220;KH SERVIS a.s.;45279748;120800222;2012-04-17;obj. č. 12/2012 - nákup služeb - zajištění servisu klimatizačních jednotek MKS
08 - Odbor krizového řízení;40846;KH SERVIS spol.s r.o.;45279748;80800589;2008-10-29;nákup služeb - přepojení kam. stanoviště
08 - Odbor bezpečnosti a krizového řízení;40289;KH SERVIS a.s.;45279748;140800808;2014-12-09;obj.č. BKR 66/2014 výměna prasklých 5ks venkovních čirých krytů ke kamerám G3
08 - Odbor krizového řízení;39996;KH SERVIS spol.s r.o.;45279748;50801108;2005-12-15;
08 - Odbor krizového řízení;39984;KH SERVIS spol.s r.o.;45279748;60800618;2006-11-30;
08 - Odbor bezpečnosti a krizového řízení;39984;KH SERVIS a.s.;45279748;120800317;2012-06-13;obj. č. 21/2012 - oprava klimatizace - OŘ PČR Praha II
08 - Odbor bezpečnosti a krizového řízení;39956;KH SERVIS a.s.;45279748;120800467;2012-07-26;obj. č. BKR 9/12 - oprava kamery G3
08 - Odbor krizového řízení;39840;KH SERVIS a.s.;45279748;100800593;2010-09-29;opravy instalace a provoz - obj. 72/10
08 - Odbor krizového řízení;39828;KH SERVIS a.s.;45279748;100800234;2010-05-05;opravy a udržování obj. 18/10
08 - Odbor bezpečnosti a krizového řízení;39744;KH SERVIS a.s.;45279748;120800290;2012-05-29;obj. BKR1/12 opravy a udržování výměna el. rozvaděče u kamery č. 186
08 - Odbor krizového řízení;39607;KH SERVIS a.s.;45279748;90800500;2009-08-20;opravy a udržování - obj. č. 0032/2009
08 - Odbor krizového řízení;39552;KH SERVIS spol.s r.o.;45279748;20800123;2002-05-02;
08 - Odbor krizového řízení;39157;KH SERVIS spol.s r.o.;45279748;80800529;2008-10-01;opravy a udržování
08 - Odbor bezpečnosti a krizového řízení;38705;KH SERVIS a.s.;45279748;130800799;2013-12-05;obj.č. BKR 76/2013 nákup DHM - 1ks LCD televize 46 palcu a 1ks LCD televize 50 palcu
08 - Odbor bezpečnosti a krizového řízení;38342;KH SERVIS a.s.;45279748;130800835;2013-12-11;obj.č. BKR 74/2013 - integrace 3ks kamer
08 - Odbor bezpečnosti a krizového řízení;38000;KH SERVIS a.s.;45279748;130800759;2013-11-25;obj.č. BKR0016/2013 - oprava - nastavení dlouhodobého zamykání kamer
08 - Odbor bezpečnosti a krizového řízení;37909;KH SERVIS a.s.;45279748;140800583;2014-09-15;obj. č. BKR 19/2014 - Opětovná montáž kamery na sloupu VO v ulici Bělehradská a Pod Zvonařskou
08 - Odbor krizového řízení;36000;KH SERVIS a.s.;45279748;100800378;2010-07-02; opravy a udržování obj. č. 36/10
08 - Odbor bezpečnosti a krizového řízení;35804;KH SERVIS a.s.;45279748;130800570;2013-08-26;obj. BKR 44/2013 oprava poškozeného optického kabelu (park Vrchlického sady)
08 - Odbor bezpečnosti a krizového řízení;35731;KH SERVIS a.s.;45279748;130800600;2013-09-10;obj. BKR 42/2013 - oprava klimatizace na OS PČR Praha 2 Sokolovská
08 - Odbor krizového řízení;35448;KH SERVIS a.s.;45279748;100800368;2010-07-01; opravy a udržování - obj. č. 0023/2010
08 - Odbor krizového řízení;34990;KH SERVIS spol.s r.o.;45279748;40800140;2004-04-19;
08 - Odbor bezpečnosti a krizového řízení;34750;KH SERVIS a.s.;45279748;120800052;2012-01-12;obj. č. 53/2011 - montáž kamery CČM
08 - Odbor krizového řízení;34656;KH SERVIS a.s.;45279748;100800814;2010-12-09;opravy a udržování obj. č. 97/2010
08 - Odbor krizového řízení;34374;KH SERVIS a.s.;45279748;110800461;2011-08-03;obj. č. 37/2011 - opravy a udržování výměna elek. rozvaděče
08 - Odbor krizového řízení;34272;KH SERVIS spol.s r.o.;45279748;50801134;2005-12-19;
08 - Odbor krizového řízení;33377;KH SERVIS a.s.;45279748;110800528;2011-08-25;obj. 59/2011 nákup materiálu - dodávka 2x joystiku pro monitorovací pracoviště a rozšíření paměti RAM
08 - Odbor bezpečnosti a krizového řízení;33120;KH SERVIS a.s.;45279748;120800118;2012-02-08;obj. č. 4/12 -  2x licence ESRI - ArcObjects
08 - Odbor bezpečnosti a krizového řízení;33081;KH SERVIS a.s.;45279748;130800862;2013-12-16;obj.č. BKR 2/2013 - opravy - přemístění kamery
08 - Odbor bezpečnosti a krizového řízení;32585;KH SERVIS a.s.;45279748;140800584;2014-09-15;obj.č. BKR 12/2014 - zprovoznění nefunkčního elektrom. rozvaděče
08 - Odbor bezpečnosti a krizového řízení;32585;KH SERVIS a.s.;45279748;140800793;2014-12-08;obj. č. BKR 65/2014 oprava poškozeného pilíře (KS 303021)
08 - Odbor krizového řízení;31464;KH SERVIS a.s.;45279748;90800743;2009-12-10;opravy a udržování obj. 71/2009
08 - Odbor krizového řízení;30851;KH SERVIS spol.s r.o.;45279748;80800553;2008-10-10;opravy a udržování
08 - Odbor krizového řízení;30540;KH SERVIS spol.s r.o.;45279748;70800086;2007-01-19;nákup služeb - montáž kamer
08 - Odbor krizového řízení;30342;KH SERVIS a.s.;45279748;110800174;2011-03-31;obj. 15/2011 - opravy a udržování
08 - Odbor bezpečnosti a krizového řízení;30250;KH SERVIS a.s.;45279748;130800687;2013-10-22;obj.č.55/13 - 30 ks licencí ke stáv. sw
08 - Odbor krizového řízení;29999;KH SERVIS spol.s r.o.;45279748;30800590;2003-08-13;
08 - Odbor bezpečnosti a krizového řízení;29995;KH SERVIS a.s.;45279748;120800170;2012-03-23;obj. č. 11/12 - zřízení nového přívodu
08 - Odbor krizového řízení;29952;KH SERVIS a.s.;45279748;100800867;2010-12-15;opravy a udržování obj. č. 113/2010
08 - Odbor bezpečnosti a krizového řízení;29892;KH SERVIS a.s.;45279748;120800670;2012-10-29;obj. BKR030/12 - přesun elektroměru
08 - Odbor krizového řízení;29700;KH SERVIS a.s.;45279748;110800587;2011-09-26;obj. č. 68/2011 - instalace 3 klientských pracovišť ISKŘ do sítě MKS (2xnové PC 1x na stávající PC MKS)
08 - Odbor krizového řízení;29441;KH SERVIS spol.s r.o.;45279748;20800094;2002-04-19;
08 - Odbor krizového řízení;28800;KH SERVIS a.s.;45279748;110800588;2011-09-26;obj. č. 73/2011 - zajištění služeb - připojení stanice ISKŘ - FS Days 2011
08 - Odbor krizového řízení;28632;KH SERVIS a.s.;45279748;100800868;2010-12-15;opravy a udržování obj. č. 114/2010
08 - Odbor krizového řízení;28392;KH SERVIS a.s.;45279748;110800589;2011-09-26;obj. 75/2011 - dodávka a instalace rackové skříně 12U
08 - Odbor krizového řízení;27828;KH SERVIS spol.s r.o.;45279748;70800550;2007-09-25;opravy a udržování
08 - Odbor krizového řízení;27606;KH SERVIS a.s.;45279748;90800600;2009-10-20;opravy a udržování
08 - Odbor bezpečnosti a krizového řízení;26560;KH SERVIS a.s.;45279748;140800380;2014-07-01;obj. č. BKR 27/2014 - Oprava klimatizačních jednotek (Obvodní ředitelství policie Praha II a Praha III)
08 - Odbor bezpečnosti a krizového řízení;26535;KH SERVIS a.s.;45279748;130800706;2013-11-04;obj. č. BKR 66/2013 opravy - montáž kamery č. 101052
08 - Odbor krizového řízení;26029;KH SERVIS spol.s r.o.;45279748;80800443;2008-08-04;Opravy a udržování
08 - Odbor krizového řízení;25806;KH SERVIS a.s.;45279748;110800464;2011-08-03;obj.č. 56/2011 - opravy a udržování - výměna kamery
08 - Odbor krizového řízení;24704;KH SERVIS spol.s r.o.;45279748;20800026;2002-02-04;
08 - Odbor bezpečnosti a krizového řízení;23980;KH SERVIS a.s.;45279748;140800580;2014-09-15;obj.č. BKR 50/2014 - přesun technologické skříně ARIA u KS 101164
08 - Odbor krizového řízení;23760;KH SERVIS a.s.;45279748;110800126;2011-02-21;nákup služeb - obj. 5/2011 - zajištění rozšíření SW ESS CCTV
08 - Odbor krizového řízení;23634;KH SERVIS a.s.;45279748;100800755;2010-11-22;opravy a udržování obj. č. 98/2010
08 - Odbor krizového řízení;23556;KH SERVIS a.s.;45279748;100800336;2010-06-18; opravy a udržování obj. 44/2009
08 - Odbor krizového řízení;23303;KH SERVIS spol.s r.o.;45279748;80800641;2008-11-18;nákup služeb - zřízení odběrního místa
08 - Odbor bezpečnosti a krizového řízení;23159;KH SERVIS a.s.;45279748;140800662;2014-10-29;obj. č. BKR 53/2014 - oprava kamery č. 412002 (1202) demontáž a opětovná montáž
08 - Odbor bezpečnosti a krizového řízení;23153;KH SERVIS a.s.;45279748;130800686;2013-10-22;obj.č. 67/13 - dodávka a instalace televize řed. BKR
08 - Odbor bezpečnosti a krizového řízení;23153;KH SERVIS a.s.;45279748;130800677;2013-10-18;obj.č. 67/13 - dodávka a instalace zobraz.jedn. - monit.prac. řed. BKR
08 - Odbor krizového řízení;23036;KH SERVIS spol.s r.o.;45279748;70800693;2007-11-26;opravy a udržování
08 - Odbor krizového řízení;23009;KH SERVIS spol.s r.o.;45279748;80800654;2008-11-21;nákup služeb - demontáž a montáž
08 - Odbor krizového řízení;22212;KH SERVIS a.s.;45279748;100800697;2010-11-03;Opravy a udržování obj. č. 89/2010
08 - Odbor krizového řízení;22063;KH SERVIS a.s.;45279748;90800350;2009-07-01;opravy a udržování - obj. č. 0009/2009
08 - Odbor krizového řízení;21738;KH SERVIS spol.s r.o.;45279748;20800067;2002-04-02;
08 - Odbor bezpečnosti a krizového řízení;21720;KH SERVIS a.s.;45279748;140800477;2014-07-28;Demontáž kamery a opětovná montáž kamery č. 106038 (na základě rámcové smlouvy č. INO/08/03/005219/2013 a objednávky č. BKR 33/2014)
08 - Odbor krizového řízení;21593;KH SERVIS a.s.;45279748;100800696;2010-11-03;Opravy a udržování obj. č. 90/2010
08 - Odbor krizového řízení;21521;KH SERVIS spol.s r.o.;45279748;80800622;2008-11-10;opravy a udržování
08 - Odbor bezpečnosti a krizového řízení;21465;KH SERVIS a.s.;45279748;140800259;2014-04-17;obj. č. BKR 17/2014 - opětovná montáž kamery č. 106032 a č. 106029
08 - Odbor krizového řízení;21357;KH SERVIS spol.s r.o.;45279748;20800133;2002-05-09;
08 - Odbor krizového řízení;21252;KH SERVIS a.s.;45279748;100800652;2010-10-15;opravy a udržování - obj. 75/2010
08 - Odbor bezpečnosti a krizového řízení;20592;KH SERVIS a.s.;45279748;130800252;2013-04-29;obj.č. BKR 3/13 - opětovná montáž kamery č. 213008 Seydlerova-OD Lípa
08 - Odbor bezpečnosti a krizového řízení;20544;KH SERVIS a.s.;45279748;120800465;2012-07-26;obj. BKR 7/2012 - oprava kamery č.410
08 - Odbor bezpečnosti a krizového řízení;20497;KH SERVIS a.s.;45279748;140800108;2014-01-27;obj.č. BKR 90/2013 - demontáž a opětovná montáž kamery č. 202014 - Fugnerovo náměstí
08 - Odbor bezpečnosti a krizového řízení;20400;KH SERVIS a.s.;45279748;120800819;2012-12-13;obj. BKR 40/2012 - údržba
08 - Odbor krizového řízení;20358;KH SERVIS spol.s r.o.;45279748;80800243;2008-05-21;opravy a udržování
08 - Odbor bezpečnosti a krizového řízení;20104;KH SERVIS a.s.;45279748;140800795;2014-12-08;obj. č. BKR 78/2014 oprava - přemístění 2 monitorovacích stanovišť MKS
08 - Odbor bezpečnosti a krizového řízení;19980;KH SERVIS a.s.;45279748;120800318;2012-06-13;obj. BKR4/2012 - přemístění kamery Lovosická - Prosek
08 - Odbor krizového řízení;19528;KH SERVIS spol.s r.o.;45279748;80800621;2008-11-10;opravy a udržování
08 - Odbor krizového řízení;18360;KH SERVIS a.s.;45279748;110800873;2011-12-22;obj. č. 76/2011 - demontáž a opětovná montáž kamery Jankovcova - U Vody
08 - Odbor bezpečnosti a krizového řízení;18090;KH SERVIS a.s.;45279748;130800705;2013-11-04;obj. č. BKR 64/2013 - opravy- odstranění závad na klimatizaci PČR Bartolomějská
08 - Odbor bezpečnosti a krizového řízení;18090;KH SERVIS a.s.;45279748;130800707;2013-11-04;obj. č. BKR72/2013 opravy - demontáž kamery č. 101052
08 - Odbor bezpečnosti a krizového řízení;17875;KH SERVIS a.s.;45279748;140800200;2014-03-18;obj. č. BKR 4/2014 - oprava poškozeného zdroje energie u kamery č. 107053
08 - Odbor bezpečnosti a krizového řízení;17856;KH SERVIS a.s.;45279748;120800482;2012-07-31;oprava klimatizace - obj.č. BKR003/12
08 - Odbor krizového řízení;17836;KH SERVIS spol.s r.o.;45279748;80800376;2008-07-10;opravy a udržování
08 - Odbor bezpečnosti a krizového řízení;17835;KH SERVIS a.s.;45279748;130800646;2013-10-07;obj. č. BKR 57/2013 - opravy - opětovná montáž kamery č. 106048
08 - Odbor krizového řízení;17622;KH SERVIS a.s.;45279748;100800817;2010-12-09; opravy a udržování obj. č. 102/2010
08 - Odbor krizového řízení;17580;KH SERVIS a.s.;45279748;100800165;2010-04-06;oprava kamery - obj.č. 00013/2010
08 - Odbor krizového řízení;17498;KH SERVIS a.s.;45279748;110800200;2011-04-12;opravy a udržování-obj. 108/2010
08 - Odbor krizového řízení;17466;KH SERVIS a.s.;45279748;110800439;2011-07-22;obj. 45/11 - opravy a udržování (montáž a demontáž kamery)
08 - Odbor krizového řízení;17400;KH SERVIS a.s.;45279748;110800128;2011-02-22;Objednávka 9/2011 - přeložení trasy napájecího vedení
08 - Odbor krizového řízení;17344;KH SERVIS spol.s r.o.;45279748;20800045;2002-03-05;
08 - Odbor krizového řízení;17334;KH SERVIS a.s.;45279748;110800438;2011-07-22;obj. 43/11 - opravy a udržování (montáž a demontáž kamery)
08 - Odbor krizového řízení;17172;KH SERVIS a.s.;45279748;100800163;2010-04-06;zpřístupnění obrazu na LCD TV - obj. č. 00007/2010
08 - Odbor krizového řízení;16968;KH SERVIS a.s.;45279748;100800603;2010-10-04;Opravy a udržování - obj. 62/10 - demontáž kamery
08 - Odbor krizového řízení;16938;KH SERVIS a.s.;45279748;110800130;2011-02-22;Objednávka 11/2011 - Rozbočení a dodání externí zobrazovací jednotky
08 - Odbor krizového řízení;16748;KH SERVIS spol.s r.o.;45279748;20800446;2002-07-04;
08 - Odbor bezpečnosti a krizového řízení;16650;KH SERVIS a.s.;45279748;130800761;2013-11-25;obj. BKR 71/2013 oprava - demontáž kamery 106029
08 - Odbor krizového řízení;16398;KH SERVIS a.s.;45279748;100800443;2010-07-20;opravy a udržování - obj. č. 38/10
08 - Odbor bezpečnosti a krizového řízení;16371;KH SERVIS a.s.;45279748;130800198;2013-04-04;obj. BKR 10/2013 opětovná montáž kamery č. 101111 Břehová 7
08 - Odbor krizového řízení;16320;KH SERVIS a.s.;45279748;100800444;2010-07-20;opravy a udržování obj. 27/10
08 - Odbor krizového řízení;16248;KH SERVIS a.s.;45279748;100800753;2010-11-22;opravy a udržování obj. č. 95/2010
08 - Odbor krizového řízení;16192;KH SERVIS spol.s r.o.;45279748;20800132;2002-05-09;
08 - Odbor krizového řízení;15744;KH SERVIS spol.s r.o.;45279748;60800496;2006-10-04;
08 - Odbor krizového řízení;15679;KH SERVIS spol.s r.o.;45279748;60800246;2006-05-10;
08 - Odbor krizového řízení;15629;KH SERVIS spol.s r.o.;45279748;20800790;2002-10-24;
08 - Odbor krizového řízení;15456;KH SERVIS a.s.;45279748;110800155;2011-03-10;objednávka 12/2011 - opravy a udržování - kamera 753 Vltavská
08 - Odbor krizového řízení;15264;KH SERVIS a.s.;45279748;110800874;2011-12-22;obj. č. 95/2011- demontáž a opětovná montáž kamery Hostinského
08 - Odbor bezpečnosti a krizového řízení;15144;KH SERVIS a.s.;45279748;120800160;2012-03-13;obj. č. 93/2011 - opravy a udržování - demontáž a opětovná montáž kamery 1513 Rezlerova 302
08 - Odbor bezpečnosti a krizového řízení;15084;KH SERVIS a.s.;45279748;120800081;2012-01-19;obj. č. 107/2011 opravy a udržování - přemístění kamery ná. J. Berana 500
08 - Odbor krizového řízení;14994;KH SERVIS spol.s r.o.;45279748;50800390;2005-05-25;
08 - Odbor krizového řízení;14988;KH SERVIS spol.s r.o.;45279748;40800821;2004-10-20;
08 - Odbor krizového řízení;14979;KH SERVIS spol.s r.o.;45279748;20800428;2002-06-27;
08 - Odbor krizového řízení;14744;KH SERVIS a.s.;45279748;90800735;2009-12-09;opravy a udržování - obj. č. 69/2009
08 - Odbor krizového řízení;14682;KH SERVIS spol.s r.o.;45279748;20800214;2002-05-22;
08 - Odbor bezpečnosti a krizového řízení;14394;KH SERVIS a.s.;45279748;120800724;2012-11-21;obj. č. BKR 32/12 opravy a udržování - demontáž a opětovná montáž kamery 2101 Polyfunkční dům
08 - Odbor bezpečnosti a krizového řízení;14394;KH SERVIS a.s.;45279748;120800725;2012-11-21;obj. č. BKR 33/12 opravy a udržování - demontáž a opětovná montáž kamery 2103 Starokolínská - ZŠ Polesná
08 - Odbor krizového řízení;14382;KH SERVIS a.s.;45279748;110800321;2011-06-22;objednávka č. 36/2011 - opravy a udržování - demontáž a opětovná montáž kamery 422004-Norma-Parkoviště VO
08 - Odbor krizového řízení;14124;KH SERVIS spol.s r.o.;45279748;40800126;2004-04-07;
08 - Odbor bezpečnosti a krizového řízení;14060;KH SERVIS a.s.;45279748;140800379;2014-07-01;obj. č. BKR 28/2014 Oprava projektoru (Obvodní ředitelství Praha III)
08 - Odbor bezpečnosti a krizového řízení;13963;KH SERVIS a.s.;45279748;130800191;2013-03-22;obj. BKR/007/13 - demontáž a montáž kamery
08 - Odbor bezpečnosti a krizového řízení;13908;KH SERVIS a.s.;45279748;120800292;2012-05-29;obj. č. 19/12 opravy a udržování - opětovná montáž kamery 1512
08 - Odbor krizového řízení;13810;KH SERVIS spol.s r.o.;45279748;20800020;2002-01-24;
08 - Odbor bezpečnosti a krizového řízení;13600;KH SERVIS a.s.;45279748;130800599;2013-09-10;obj. BKR 33/2013 - oprava a udržování - demontáž a montáž kamery 101172 - Dlouhá - Rybná
08 - Odbor krizového řízení;13414;KH SERVIS a.s.;45279748;100800470;2010-07-28;opravy a udržování obj. 47/2010
08 - Odbor bezpečnosti a krizového řízení;13318;KH SERVIS a.s.;45279748;140800204;2014-03-26;oprava a zprovoznění poškozené kamery
08 - Odbor bezpečnosti a krizového řízení;13268;KH SERVIS a.s.;45279748;130800833;2013-12-11;obj.č. BKR 59/2013 - opětovná montáž kamery 410003
08 - Odbor bezpečnosti a krizového řízení;13268;KH SERVIS a.s.;45279748;130800834;2013-12-11;obj.č. BKR 60/2013-opětovná montáž kamery 410004
08 - Odbor krizového řízení;13249;KH SERVIS spol.s r.o.;45279748;50800951;2005-11-03;
08 - Odbor krizového řízení;13175;KH SERVIS spol.s r.o.;45279748;20800271;2002-06-05;
08 - Odbor bezpečnosti a krizového řízení;13104;KH SERVIS a.s.;45279748;130800762;2013-11-25;obj. BKR 78/2013 oprava - přeložka venkovního vedení ke kameře 7070
08 - Odbor krizového řízení;12816;KH SERVIS a.s.;45279748;110800495;2011-08-15;objednávka č. 58/2011 - přepojení napájení
08 - Odbor krizového řízení;12528;KH SERVIS a.s.;45279748;110800233;2011-05-03;obj. č. 28/2011 - opravy a udržování demontáž a opětovná montáž kamery 2006 Ruprechtická
08 - Odbor krizového řízení;12294;KH SERVIS a.s.;45279748;110800527;2011-08-25;obj. 50/2011 - opravy a udržování demontáž a montáž kamery č. 904 Prosecká VO
08 - Odbor bezpečnosti a krizového řízení;12240;KH SERVIS a.s.;45279748;120800817;2012-12-13;obj. BKR 48/2012 - demontáž a opětovná montáž kamery č.101166 Gogolova
08 - Odbor krizového řízení;12228;KH SERVIS a.s.;45279748;110800232;2011-05-03;obj. č. 25/2011 - opravy a udržování demontáž a opětovná montáž kamery 1111 Brechtova - Leopoldova
08 - Odbor krizového řízení;12048;KH SERVIS a.s.;45279748;100800864;2010-12-15;opravy a udržování  obj. č. 103/2010
08 - Odbor krizového řízení;12048;KH SERVIS a.s.;45279748;110800698;2011-11-08;obj. č. 100/2011 - demontáž kamery 1402 - CČM
08 - Odbor krizového řízení;11952;KH SERVIS a.s.;45279748;110800809;2011-12-13;obj. č. 63/2011 - opravy a udržování - přepojení el.energie z důvodů rekonstrukce Strašnická 1005
08 - Odbor krizového řízení;11940;KH SERVIS a.s.;45279748;100800206;2010-04-19;opravy a udržování - obj. 17/2010
08 - Odbor krizového řízení;11910;KH SERVIS a.s.;45279748;110800297;2011-06-07;obj. 39/2011 - opravy a udržování - oprava zpětné projekce na OS PČR Praha III Trousilova
08 - Odbor krizového řízení;11892;KH SERVIS a.s.;45279748;110800271;2011-05-23;obj.26/2011 opravy a udržování - zřízení odběrného místa
08 - Odbor krizového řízení;11886;KH SERVIS a.s.;45279748;100800205;2010-04-19;opravy a udržování - obj. č. 14/2010
08 - Odbor krizového řízení;11841;KH SERVIS spol.s r.o.;45279748;20800058;2002-03-18;
08 - Odbor krizového řízení;11764;KH SERVIS a.s.;45279748;110800700;2011-11-08;obj. 97/2011 nákup materiálu DHDM -  při cvičení Holešovice 2011 - rekonfigurace monitorovacího pracoviště
08 - Odbor krizového řízení;11751;KH SERVIS spol.s r.o.;45279748;70800292;2007-05-21;nákup služeb - přepojení sdružovacího bodu
08 - Odbor krizového řízení;11694;KH SERVIS a.s.;45279748;100800693;2010-11-03;opravy a udržování obj. č. 84/2010
08 - Odbor krizového řízení;11694;KH SERVIS a.s.;45279748;100800521;2010-08-20;opravy a udržování - obj. 56/2010
08 - Odbor bezpečnosti a krizového řízení;11640;KH SERVIS a.s.;45279748;140800109;2014-01-27;obj.č. BKR 91/2013 - prodloužení kabelového vedení u sdružovacího bodu SB-KS 505
08 - Odbor krizového řízení;11586;KH SERVIS a.s.;45279748;100800738;2010-11-15;opravy a udržování - obj. č. 83/10 - demontáž kamery
08 - Odbor krizového řízení;11448;KH SERVIS a.s.;45279748;110800629;2011-10-12;obj. č. 74/2011 - nákup služeb zajištění připojení monitorovacího pracoviště MKS a připojení pracoviště ISKŘ cv. Holešovice 2011
08 - Odbor bezpečnosti a krizového řízení;11374;KH SERVIS a.s.;45279748;130800648;2013-10-07;obj. č. BKR 61/2013 - opravy - demontáž kamery č. 308023 a č. 308081
08 - Odbor krizového řízení;11328;KH SERVIS a.s.;45279748;100800754;2010-11-22;opravy a udržování obj. č. 96/2010
08 - Odbor krizového řízení;11292;KH SERVIS a.s.;45279748;110800296;2011-06-07;obj. 38/2011 - opravy a udržování - demontáž a opětovná montáž kamery č. 101169 Ovocný trh - Myslbek
08 - Odbor krizového řízení;11100;KH SERVIS a.s.;45279748;100800518;2010-08-20;opravy a udržování obj. č. 53/2010
08 - Odbor krizového řízení;11100;KH SERVIS a.s.;45279748;110800127;2011-02-22;Objednávka 8/2011 -  opětovná montáž kamery
08 - Odbor krizového řízení;11100;KH SERVIS a.s.;45279748;110800116;2011-02-09;opravy a udržování obj. č. 7/2011
08 - Odbor krizového řízení;11100;KH SERVIS a.s.;45279748;110800020;2011-01-11;Opravy kamery - obj. č. 2/2011
08 - Odbor bezpečnosti a krizového řízení;11052;KH SERVIS a.s.;45279748;120800679;2012-11-01;obj. č. BKR 25/12 - opravy a udržování - montáž kamery 711 Kostelní 42
08 - Odbor krizového řízení;10980;KH SERVIS a.s.;45279748;110800494;2011-08-15;objednávka č. 62/2011 - provizorní přemístění a umístění SB Čakovice
08 - Odbor krizového řízení;10872;KH SERVIS a.s.;45279748;110800875;2011-12-22;obj. č. 104/2011 - demontáž a opětovná montáž kamery Šostakovičovo nám
08 - Odbor krizového řízení;10848;KH SERVIS a.s.;45279748;100800235;2010-05-05;opravy a udržování obj. 19/10
08 - Odbor bezpečnosti a krizového řízení;10848;KH SERVIS a.s.;45279748;140800582;2014-09-15;obj. č. BKR 45/2014 - Opětovná montáž kamery 101134 Všehrdova 25
08 - Odbor bezpečnosti a krizového řízení;10848;KH SERVIS a.s.;45279748;140800605;2014-09-30;obj.č.BKR/55/14 - montáž kamery
08 - Odbor krizového řízení;10752;KH SERVIS a.s.;45279748;110800463;2011-08-03;obj.č. 55/2011 - opravy a udržování - montáž kamery
08 - Odbor krizového řízení;10746;KH SERVIS a.s.;45279748;100800446;2010-07-20;opravy a udržování Obj. 44/2010
08 - Odbor bezpečnosti a krizového řízení;10728;KH SERVIS a.s.;45279748;120800141;2012-02-29;opravy a údržba - obj. č. 0007/2012
08 - Odbor krizového řízení;10332;KH SERVIS a.s.;45279748;110800208;2011-04-15;obj. 24/11 - opravy a udržování
08 - Odbor bezpečnosti a krizového řízení;10224;KH SERVIS a.s.;45279748;120800703;2012-11-12;obj. č. BKR 31/2012výměna krytu u kamery č. 101033 Vrchlického sady
08 - Odbor krizového řízení;10212;KH SERVIS a.s.;45279748;110800876;2011-12-22;obj. č. 119/2011 - přemístění SB Čakovice
08 - Odbor bezpečnosti a krizového řízení;10164;KH SERVIS a.s.;45279748;140800581;2014-09-15;obj. č. BKR 48/2014 - Demontáž kamery 415001 (1501) plk. Mráze
08 - Odbor krizového řízení;10152;KH SERVIS a.s.;45279748;100800695;2010-11-03;Opravy a udržování obj. č. 87/2010
08 - Odbor krizového řízení;10152;KH SERVIS a.s.;45279748;100800583;2010-09-24;demontáž kamery - obj. 71/10
08 - Odbor krizového řízení;10152;KH SERVIS a.s.;45279748;100800584;2010-09-24;demontáž kamery - obj. č. 70/2010
08 - Odbor krizového řízení;10152;KH SERVIS a.s.;45279748;100800519;2010-08-20;opravy a udržování - obj. 54/2010
08 - Odbor krizového řízení;10152;KH SERVIS a.s.;45279748;100800164;2010-04-06;demontáž kamery - obj. č. 00012/2010
08 - Odbor krizového řízení;10152;KH SERVIS a.s.;45279748;110800496;2011-08-15;objednávka č. 35/2011 - demontáž a opětovná montáž kamery č. 101109
08 - Odbor krizového řízení;10152;KH SERVIS a.s.;45279748;110800019;2011-01-11;Opravy kamery - obj. č. 1/2011
08 - Odbor krizového řízení;10110;KH SERVIS a.s.;45279748;110800808;2011-12-13;obj.č 114/2011 nákup služeb - zajištění přeúčtování poplatků PRE
08 - Odbor bezpečnosti a krizového řízení;10019;KH SERVIS a.s.;45279748;130800120;2013-02-01;obj. BKR 37/12 - opravy a udržování - montáž a demontáž kamer - Prokopovo nám.
08 - Odbor krizového řízení;10008;KH SERVIS a.s.;45279748;110800827;2011-12-15;obj. č. 118/2011 - opětovná montáž kamery Soustružnická - Klánovická 1420
08 - Odbor krizového řízení;9996;KH SERVIS spol.s r.o.;45279748;40800365;2004-06-02;
08 - Odbor krizového řízení;9975;KH SERVIS spol.s r.o.;45279748;30800868;2003-11-04;opravy a udržování
08 - Odbor bezpečnosti a krizového řízení;9910;KH SERVIS a.s.;45279748;130800676;2013-10-18;obj.č. 65/13 - opětovná montáž kamery
08 - Odbor krizového řízení;9804;KH SERVIS a.s.;45279748;110800659;2011-10-25;obj. 96/2011 opravy a udržování - opětovná montáž kamery Hlavní nádraží
08 - Odbor bezpečnosti a krizového řízení;9750;KH SERVIS a.s.;45279748;120800291;2012-05-29;obj. č. 20/12 opravy a udržování - opětovná montáž kamery 420
08 - Odbor krizového řízení;9558;KH SERVIS a.s.;45279748;110800658;2011-10-25;obj. č. 94/2011 - opravy a udržování - opětovná montáž kamery Suchý vršek
08 - Odbor krizového řízení;9520;KH SERVIS a.s.;45279748;90800178;2009-03-16;opravy a udržování - obj.č. 0003/2009
08 - Odbor bezpečnosti a krizového řízení;9511;KH SERVIS a.s.;45279748;130800512;2013-07-31;obj. BKR41/2013 - opravy a udržování - demontáž kamery (Mozartova)
08 - Odbor krizového řízení;9432;KH SERVIS a.s.;45279748;100800818;2010-12-09; opravy a udržování obj. č. 107/2010
08 - Odbor bezpečnosti a krizového řízení;9432;KH SERVIS a.s.;45279748;120800541;2012-08-20;obj. č. BKR 26/12 - opravy a udržování demontáž kamery č. 450 Novodvorská
08 - Odbor bezpečnosti a krizového řízení;9420;KH SERVIS a.s.;45279748;120800785;2012-12-10;obj. BKR 44/12 - opravy a udržování - přemístění kabelového vedení kamery č. 450 - Novodvorská
08 - Odbor krizového řízení;9384;KH SERVIS a.s.;45279748;110800294;2011-06-07;obj. 29/2011 - opravy a udržování - demontáž a opětovná montáž kamery č. 1316 Hostinského
08 - Odbor krizového řízení;9342;KH SERVIS spol.s r.o.;45279748;50800774;2005-08-15;
08 - Odbor bezpečnosti a krizového řízení;9329;KH SERVIS a.s.;45279748;140800513;2014-08-13;BKR 29/2014 přesun technologií ke kamerovému stanovišti KS 10134
08 - Odbor krizového řízení;9276;KH SERVIS a.s.;45279748;100800151;2010-03-19;opravy a udržování - obj. 11/2010
08 - Odbor krizového řízení;9204;KH SERVIS a.s.;45279748;100800694;2010-11-03;Opravy a udržování obj. č. 88/2010
08 - Odbor krizového řízení;9204;KH SERVIS a.s.;45279748;100800520;2010-08-20;opravy a udržování - obj. 55/2010
08 - Odbor krizového řízení;9204;KH SERVIS a.s.;45279748;100800445;2010-07-20;opravy a udržování obj. 45/2010
08 - Odbor krizového řízení;9204;KH SERVIS a.s.;45279748;100800448;2010-07-20;opravy a udržování obj. 40/2010
08 - Odbor krizového řízení;9204;KH SERVIS a.s.;45279748;100800449;2010-07-20;Opravy a udržování obj. 39/2010
08 - Odbor krizového řízení;9204;KH SERVIS a.s.;45279748;110800826;2011-12-15;obj. č. 117/2011 - demontáž kamery Novorossijská 1029
08 - Odbor bezpečnosti a krizového řízení;9204;KH SERVIS a.s.;45279748;120800105;2012-02-06;obj. č. 2/2012 - opravy a udržování - montáž kamery U Svobodárny
08 - Odbor krizového řízení;9053;KH SERVIS spol.s r.o.;45279748;50800912;2005-10-17;
08 - Odbor bezpečnosti a krizového řízení;9045;KH SERVIS a.s.;45279748;130800647;2013-10-07;obj. č. BKR 58/2013 - opravy - demontáž kamery č. 308007
08 - Odbor bezpečnosti a krizového řízení;9045;KH SERVIS a.s.;45279748;140800301;2014-05-16;Demontáž kamery č. 101122 - Washingtonova 23
08 - Odbor bezpečnosti a krizového řízení;9045;KH SERVIS a.s.;45279748;140800252;2014-04-16;obj. č. BKR 10/2014 - demontáž kamery č. 213002
08 - Odbor krizového řízení;8997;KH SERVIS spol.s r.o.;45279748;50800976;2005-11-10;
08 - Odbor krizového řízení;8988;KH SERVIS spol.s r.o.;45279748;30801337;2003-12-16;opravy a udržování dodavatelsky
08 - Odbor krizového řízení;8979;KH SERVIS a.s.;45279748;90800401;2009-07-09;opravy a udržování - obj. č. 0026/2008 - MKS
08 - Odbor krizového řízení;8931;KH SERVIS spol.s r.o.;45279748;80800520;2008-09-25;opravy a udržování
08 - Odbor krizového řízení;8772;KH SERVIS a.s.;45279748;110800586;2011-09-26;obj. č. 40/2011 demontáž a opětovná montáž kamery č. 1301
08 - Odbor krizového řízení;8711;KH SERVIS a.s.;45279748;90800423;2009-07-15;opravy a udržování - obj. č 0027/2009
08 - Odbor krizového řízení;8711;KH SERVIS a.s.;45279748;90800537;2009-09-16;opravy a udržování - obj.č.  0025/2009
08 - Odbor krizového řízení;8676;KH SERVIS a.s.;45279748;110800571;2011-09-19;obj. 64/2011 - demontáž kamery- opravy a udržování
08 - Odbor krizového řízení;8484;KH SERVIS a.s.;45279748;100800566;2010-09-16; opravy a udržování - obj. č. 0064/2010
08 - Odbor krizového řízení;8484;KH SERVIS a.s.;45279748;100800481;2010-08-02;opravy a udržování obj. 48/2010
08 - Odbor krizového řízení;8484;KH SERVIS a.s.;45279748;100800207;2010-04-19;opravy a udržování - obj. 16/2010
08 - Odbor krizového řízení;8484;KH SERVIS a.s.;45279748;110800716;2011-11-11;obj. č. 102/11 - opravy a udržování - demontáž kamery
08 - Odbor bezpečnosti a krizového řízení;8484;KH SERVIS a.s.;45279748;120800544;2012-08-20;obj. č. BKR 21/12 - opravy a udržování demontáž kamery č. 617 Vlastina
08 - Odbor bezpečnosti a krizového řízení;8442;KH SERVIS a.s.;45279748;120800540;2012-08-20;obj. č. BKR 27/12 - opravy a udržování opětovná montáž kamery č. 1029 Novorossijská
08 - Odbor krizového řízení;8412;KH SERVIS a.s.;45279748;100800149;2010-03-19;montáž kamery - obj. č. 00008/2010
08 - Odbor krizového řízení;8373;KH SERVIS a.s.;45279748;90800744;2009-12-10;opravy a udržování - obj. č. 73/2009
08 - Odbor krizového řízení;8256;KH SERVIS a.s.;45279748;100800447;2010-07-20;Opravy a udržování obj. 41/2010
08 - Odbor krizového řízení;8244;KH SERVIS a.s.;45279748;100800013;2010-01-12;opravy a udržování - obj. 39/2009
08 - Odbor bezpečnosti a krizového řízení;8028;KH SERVIS a.s.;45279748;130800155;2013-02-21;obj. č. BKR 6/13 opravy a udržování - demontáž a opětovná montáž kamery 107029
08 - Odbor krizového řízení;7992;KH SERVIS spol.s r.o.;45279748;70800605;2007-10-18;nákup materiálu obj.č. 0013472
08 - Odbor krizového řízení;7878;KH SERVIS a.s.;45279748;110800129;2011-02-22;Objednávka 10/2011 - zapojení do MKS a zprovoznění PC na OS KŠ
01 - Odbor hospodářské správy;7867;KH SERVIS spol.s r.o.;45279748;20105176;2002-08-23;
08 - Odbor krizového řízení;7867;KH SERVIS spol.s r.o.;45279748;20800572;2002-08-23;
08 - Odbor krizového řízení;7822;KH SERVIS spol.s r.o.;45279748;60800619;2006-11-30;
08 - Odbor bezpečnosti a krizového řízení;7728;KH SERVIS a.s.;45279748;120800543;2012-08-20;obj. č. BKR 23/12 - opravy a udržování opětovná montáž kamery č. 518 Plzeňská 85
08 - Odbor krizového řízení;7668;KH SERVIS a.s.;45279748;100800364;2010-07-01;opravy a udržování - obj. 0037/2010
08 - Odbor krizového řízení;7662;KH SERVIS a.s.;45279748;110800577;2011-09-19;obj. 81/2011 - demontáž kamery- opravy a udržování
08 - Odbor krizového řízení;7662;KH SERVIS a.s.;45279748;110800272;2011-05-23;obj.34/2011 opravy a udržování - montáž kamery 1122 - Proutěná - U Pramenu
08 - Odbor krizového řízení;7640;KH SERVIS spol.s r.o.;45279748;80800623;2008-11-10;opravy a udržování
08 - Odbor krizového řízení;7536;KH SERVIS a.s.;45279748;110800825;2011-12-15;obj. č. 116/2011 - opětovná montáž kamery Zimova 1206
08 - Odbor bezpečnosti a krizového řízení;7536;KH SERVIS a.s.;45279748;120800542;2012-08-20;obj. č. BKR 24/12 - opravy a udržování demontáž kamery č. 410 Poliklinika Budějovická
08 - Odbor krizového řízení;7527;KH SERVIS spol.s r.o.;45279748;80800444;2008-08-04;Opravy a udržování
08 - Odbor krizového řízení;7479;KH SERVIS spol.s r.o.;45279748;20800093;2002-04-19;
08 - Odbor krizového řízení;7462;KH SERVIS spol.s r.o.;45279748;20800229;2002-05-29;
08 - Odbor krizového řízení;6990;KH SERVIS spol.s r.o.;45279748;30801233;2003-12-09;opravy a udržování dodavatelsky
08 - Odbor krizového řízení;6962;KH SERVIS spol.s r.o.;45279748;40800635;2004-08-17;
08 - Odbor krizového řízení;6938;KH SERVIS a.s.;45279748;90800177;2009-03-16;opravy a udržování - obj.č. 0002/2009
08 - Odbor krizového řízení;6938;KH SERVIS a.s.;45279748;90800278;2009-05-21;opravy a udržování - obj.č. 0017/2009
08 - Odbor krizového řízení;6714;KH SERVIS a.s.;45279748;100800237;2010-05-05;opravy a udržování obj. 21/10
08 - Odbor krizového řízení;6714;KH SERVIS a.s.;45279748;100800236;2010-05-05;opravy a udržování obj. 20/10
08 - Odbor bezpečnosti a krizového řízení;6714;KH SERVIS a.s.;45279748;120800469;2012-07-26;obj. č. BKR 12/12 - oprava kamery č. 316
08 - Odbor krizového řízení;6588;KH SERVIS a.s.;45279748;110800343;2011-07-01;obj.č. 27/2011 - opravy a udržování demontáž a montáž kamery Chlebovická Příborská
08 - Odbor krizového řízení;6588;KH SERVIS a.s.;45279748;110800201;2011-04-12;opravy a udržování - obj. 19/2011
08 - Odbor bezpečnosti a krizového řízení;6588;KH SERVIS a.s.;45279748;120800104;2012-02-06;obj. č. 3/2012 - opravy a udržování - montáž kamery Chlebovická
08 - Odbor krizového řízení;6521;KH SERVIS a.s.;45279748;90800645;2009-11-06;opravy a udržování - obj. 0062/2009 ze 27.10.2009
08 - Odbor krizového řízení;6325;KH SERVIS spol.s r.o.;45279748;20801149;2002-12-05;
08 - Odbor krizového řízení;6236;KH SERVIS spol.s r.o.;45279748;80800506;2008-09-15;opravy a udržování
08 - Odbor bezpečnosti a krizového řízení;6120;KH SERVIS a.s.;45279748;120800464;2012-07-26;obj. č. BKR 5/12 - oprava kamery č. 518
08 - Odbor bezpečnosti a krizového řízení;6111;KH SERVIS a.s.;45279748;130800156;2013-02-21;obj. č. BKR 8/2013 - opravy a udržování opětovná montáž kamery 411023
08 - Odbor bezpečnosti a krizového řízení;5990;KH SERVIS a.s.;45279748;130800154;2013-02-21;obj. č. 4/2013- opravy a udržování - opětovná montáž kamery 40450
08 - Odbor krizového řízení;5760;KH SERVIS a.s.;45279748;90800546;2009-09-22;opravy a udržování - obj. č. 0051/2009
08 - Odbor bezpečnosti a krizového řízení;5687;KH SERVIS a.s.;45279748;130800511;2013-07-31;obj. BKR40/2013 - opravy a udržování - demontáž 2x kamera (Hloubětín metro)
08 - Odbor bezpečnosti a krizového řízení;5687;KH SERVIS a.s.;45279748;140800796;2014-12-08;obj. č. BKR 80/2014 oprava - demontáž kamerového stanoviště č. 308018 a č. 308080
08 - Odbor krizového řízení;5647;KH SERVIS a.s.;45279748;90800277;2009-05-21;opravy a udržování - obj.č. 0014/2009
08 - Odbor krizového řízení;5647;KH SERVIS a.s.;45279748;90800284;2009-05-27;opravy a udržování - obj. č. 0021/2009
08 - Odbor krizového řízení;5640;KH SERVIS a.s.;45279748;100800014;2010-01-12;opravy a udržování - obj. 60/2009
08 - Odbor krizového řízení;5640;KH SERVIS a.s.;45279748;110800576;2011-09-19;obj. 77/2011 - demontáž kamery- opravy a udržování
08 - Odbor krizového řízení;5640;KH SERVIS a.s.;45279748;110800575;2011-09-19;obj. 71/2011 - demontáž kamery- opravy a udržování
08 - Odbor krizového řízení;5640;KH SERVIS a.s.;45279748;110800572;2011-09-19;obj. 67/2011 - demontáž kamery - opravy a udržování
08 - Odbor bezpečnosti a krizového řízení;5640;KH SERVIS a.s.;45279748;120800697;2012-11-12;obj. č. BKR38/2012 - opravy a udržování demontáž kamery 101111 Břehová
08 - Odbor bezpečnosti a krizového řízení;5640;KH SERVIS a.s.;45279748;120800474;2012-07-26;obj. č. BKR 11/12 opravy - demontáž kamery 1123
08 - Odbor krizového řízení;5483;KH SERVIS a.s.;45279748;90800530;2009-09-11;opravy a udržování - obj.č. 0042/2009
08 - Odbor krizového řízení;5480;KH SERVIS spol.s r.o.;45279748;60800174;2006-03-24;
08 - Odbor krizového řízení;5400;KH SERVIS a.s.;45279748;100800315;2010-06-08; opravy a udržování obj. č. 29/2010
08 - Odbor krizového řízení;5400;KH SERVIS a.s.;45279748;100800294;2010-06-01;opravy a udržování - obj. 28/10
08 - Odbor krizového řízení;5390;KH SERVIS spol.s r.o.;45279748;60800722;2006-12-14;
08 - Odbor krizového řízení;5367;KH SERVIS spol.s r.o.;45279748;80800590;2008-10-29;opravy a udržování
08 - Odbor krizového řízení;5344;KH SERVIS spol.s r.o.;45279748;20800038;2002-02-18;
08 - Odbor krizového řízení;5320;KH SERVIS spol.s r.o.;45279748;70800515;2007-08-24;nákup služeb - demontáž a montáž kamerového
08 - Odbor krizového řízení;5320;KH SERVIS spol.s r.o.;45279748;70800293;2007-05-21;nákup služeb - demontáž a montáž
08 - Odbor krizového řízení;5320;KH SERVIS spol.s r.o.;45279748;70800157;2007-03-02;opravy a udržování
08 - Odbor krizového řízení;5212;KH SERVIS spol.s r.o.;45279748;60800554;2006-10-27;
08 - Odbor krizového řízení;5117;KH SERVIS spol.s r.o.;45279748;70800514;2007-08-24;nákup služeb - demontáž a montáž kamerového
08 - Odbor krizového řízení;5072;KH SERVIS spol.s r.o.;45279748;90800139;2009-02-09;opravy a udržování - obj.č. 0037/2008
08 - Odbor bezpečnosti a krizového řízení;4992;KH SERVIS a.s.;45279748;120800671;2012-10-29;obj. BKR35/12 - opětovná montáž kamery 410
08 - Odbor krizového řízení;4945;KH SERVIS spol.s r.o.;45279748;60800710;2006-12-14;
08 - Odbor krizového řízení;4944;KH SERVIS a.s.;45279748;90800206;2009-04-08;opravy a udržování - obj.č. 0007/2009
08 - Odbor krizového řízení;4891;KH SERVIS a.s.;45279748;90800637;2009-11-05;opravy a udržování  - obj. č. 0061/2009 ze dne 27.10.2009
08 - Odbor krizového řízení;4891;KH SERVIS spol.s r.o.;45279748;70800814;2007-12-13;nákup služeb - obj.č. 0013446
08 - Odbor krizového řízení;4878;KH SERVIS a.s.;45279748;110800234;2011-05-03;obj. č. 30/2011 - opravy a udržování oprava přetrženého závěsu vedení napájení na kameře 851 Bíleneckého náměstí
08 - Odbor krizového řízení;4701;KH SERVIS spol.s r.o.;45279748;60800635;2006-12-05;
08 - Odbor bezpečnosti a krizového řízení;4578;KH SERVIS a.s.;45279748;120800223;2012-04-17;obj. č. 17/2011 - oprava kamerového stanoviště č. 815
08 - Odbor krizového řízení;4355;KH SERVIS a.s.;45279748;90800501;2009-08-20;opravy a udržování - obj. č. 0038/2009
08 - Odbor krizového řízení;4355;KH SERVIS a.s.;45279748;90800538;2009-09-16;opravy a udržování - obj. č. 0043/2009
08 - Odbor krizového řízení;4076;KH SERVIS a.s.;45279748;90800499;2009-08-20;opravy a udržování - obj. č. 0016/2009
08 - Odbor krizového řízení;4058;KH SERVIS spol.s r.o.;45279748;20800227;2002-05-23;
08 - Odbor krizového řízení;3996;KH SERVIS a.s.;45279748;100800150;2010-03-19;demontáž kamery - obj. č. 00009/2010
08 - Odbor krizového řízení;3963;KH SERVIS a.s.;45279748;90800542;2009-09-18;opravy a udržování - obj. č. 0047/2009
08 - Odbor krizového řízení;3963;KH SERVIS spol.s r.o.;45279748;80800154;2008-03-17;opravy a udržování
08 - Odbor krizového řízení;3744;KH SERVIS a.s.;45279748;110800574;2011-09-19;obj. 70/2011 - demontáž kamery- opravy a udržování
08 - Odbor krizového řízení;3631;KH SERVIS spol.s r.o.;45279748;20800410;2002-06-24;
08 - Odbor krizového řízení;3374;KH SERVIS a.s.;45279748;90800502;2009-08-20;opravy a udržování - obj. č. 0040/2009
08 - Odbor krizového řízení;3261;KH SERVIS a.s.;45279748;90800276;2009-05-21;opravy a udržování - obj.č. 0013/2009
08 - Odbor krizového řízení;3261;KH SERVIS a.s.;45279748;90800554;2009-09-30;opravy a udržování - obj.č. 0052/2009
08 - Odbor krizového řízení;3084;KH SERVIS spol.s r.o.;45279748;20800096;2002-04-22;
08 - Odbor krizového řízení;2999;KH SERVIS spol.s r.o.;45279748;50800977;2005-11-10;
08 - Odbor krizového řízení;2995;KH SERVIS spol.s r.o.;45279748;40800084;2004-02-23;
08 - Odbor krizového řízení;2559;KH SERVIS a.s.;45279748;90800193;2009-04-01;opravy a udržování
08 - Odbor krizového řízení;2559;KH SERVIS a.s.;45279748;90800244;2009-04-27;opravy a udržování - objč. 0011/2009
08 - Odbor krizového řízení;2388;KH SERVIS spol.s r.o.;45279748;20800316;2002-06-07;
08 - Odbor krizového řízení;2366;KH SERVIS spol.s r.o.;45279748;40800878;2004-11-03;
08 - Odbor krizového řízení;2239;KH SERVIS spol.s r.o.;45279748;20800345;2002-06-13;
08 - Odbor krizového řízení;2024;KH SERVIS spol.s r.o.;45279748;20800348;2002-06-13;
08 - Odbor krizového řízení;2015;KH SERVIS spol.s r.o.;45279748;20800072;2002-04-08;
08 - Odbor krizového řízení;1785;KH SERVIS spol.s r.o.;45279748;40800627;2004-08-10;
08 - Odbor krizového řízení;1667;KH SERVIS spol.s r.o.;45279748;20800061;2002-03-18;
08 - Odbor krizového řízení;1667;KH SERVIS spol.s r.o.;45279748;20800048;2002-03-05;
08 - Odbor krizového řízení;1559;KH SERVIS spol.s r.o.;45279748;30800484;2003-07-01;
08 - Odbor krizového řízení;1480;KH SERVIS spol.s r.o.;45279748;20800066;2002-04-02;
08 - Odbor krizového řízení;1415;KH SERVIS spol.s r.o.;45279748;40800355;2004-06-01;
01 - Odbor hospodářské správy;1310;KH SERVIS spol.s r.o.;45279748;20105175;2002-08-23;
08 - Odbor krizového řízení;1310;KH SERVIS spol.s r.o.;45279748;20800573;2002-08-23;
08 - Odbor krizového řízení;1157;KH SERVIS spol.s r.o.;45279748;20800059;2002-03-18;
08 - Odbor bezpečnosti a krizového řízení;119;KH SERVIS a.s.;45279748;150800027;2015-01-05;obj. č. BKR 62/2014 nákup UHD televizoru pro OSKŠ HMP
08 - Odbor bezpečnosti a krizového řízení;23;KH SERVIS a.s.;45279748;150800222;2015-03-17;obj. č. BKR 2/2015 demontáž a opětovná montáž kamery č. 107035 (735) - oprava fasády
08 - Odbor bezpečnosti a krizového řízení;10;KH SERVIS a.s.;45279748;150800034;2015-01-12;zajištění servisu - nepřetržitá provozuschopnost MKS - 4.Q.2014
08 - Odbor bezpečnosti a krizového řízení;2;KH SERVIS a.s.;45279748;150800033;2015-01-12;zajištění služeb - zabezpečení správy nadstavbového SW ECCs - 4.Q.2014
